gpl,row,error_type
GPL13,1,0
GPL13,2,0
GPL13,3,0
GPL13,4,0
GPL13,5,0
GPL13,6,0
GPL13,7,0
GPL13,8,0
GPL13,9,0
GPL13,10,0
GPL13,11,0
GPL13,12,0
GPL13,13,0
GPL13,14,0
GPL13,15,0
GPL13,16,0
GPL13,18,0
GPL13,19,0
GPL13,20,0
GPL13,21,0
GPL13,22,0
GPL13,23,0
GPL13,24,0
GPL13,25,0
GPL13,26,0
GPL13,27,0
GPL13,28,0
GPL13,29,0
GPL13,30,0
GPL13,31,0
GPL13,32,0
GPL13,33,0
GPL13,34,0
GPL13,35,0
GPL13,36,0
GPL13,37,0
GPL13,38,0
GPL13,39,0
GPL13,40,0
GPL13,41,0
GPL13,42,0
GPL13,43,0
GPL13,44,0
GPL13,45,0
GPL13,46,0
GPL13,47,0
GPL13,48,0
GPL13,49,0
GPL13,50,0
GPL13,51,0
GPL13,52,0
GPL13,53,0
GPL13,54,0
GPL13,55,0
GPL13,56,0
GPL13,57,0
GPL13,58,0
GPL13,59,0
GPL13,60,0
GPL13,61,0
GPL13,62,0
GPL13,63,0
GPL13,64,0
GPL13,65,0
GPL13,66,0
GPL13,67,0
GPL13,68,0
GPL13,69,0
GPL13,70,0
GPL13,71,0
GPL13,72,0
GPL13,73,0
GPL13,74,0
GPL13,75,0
GPL13,76,0
GPL13,77,0
GPL13,78,0
GPL13,79,0
GPL13,80,0
GPL13,81,0
GPL13,82,0
GPL13,83,0
GPL13,84,0
GPL13,85,0
GPL13,86,0
GPL13,87,0
GPL13,88,0
GPL13,89,0
GPL13,90,0
GPL13,91,0
GPL13,92,0
GPL13,93,0
GPL13,94,0
GPL13,95,0
GPL13,96,0
GPL13,97,0
GPL13,98,0
GPL13,99,0
GPL13,100,0
GPL13,101,0
GPL13,102,0
GPL13,103,0
GPL13,104,0
GPL13,105,0
GPL13,106,0
GPL13,107,0
GPL13,108,0
GPL13,109,0
GPL13,110,0
GPL13,111,0
GPL13,112,0
GPL13,113,0
GPL13,114,0
GPL13,115,0
GPL13,116,0
GPL13,117,0
GPL13,118,0
GPL13,119,0
GPL13,120,0
GPL13,121,0
GPL13,122,0
GPL13,123,0
GPL13,124,0
GPL13,125,0
GPL13,126,0
GPL13,127,0
GPL13,128,0
GPL13,129,0
GPL13,130,0
GPL13,131,0
GPL13,132,0
GPL13,133,0
GPL13,134,0
GPL13,135,0
GPL13,136,0
GPL13,137,0
GPL13,138,0
GPL13,139,0
GPL13,140,0
GPL13,141,0
GPL13,142,0
GPL13,143,0
GPL13,144,0
GPL13,145,0
GPL13,146,0
GPL13,147,0
GPL13,148,0
GPL13,149,0
GPL13,150,0
GPL13,151,0
GPL13,152,0
GPL13,153,0
GPL13,154,0
GPL13,155,0
GPL13,156,0
GPL13,157,0
GPL13,158,0
GPL13,159,0
GPL13,160,0
GPL13,161,0
GPL13,162,0
GPL13,163,0
GPL13,164,0
GPL13,165,0
GPL13,166,0
GPL13,167,0
GPL13,168,0
GPL13,169,0
GPL13,170,0
GPL13,171,0
GPL13,172,0
GPL13,173,0
GPL13,174,0
GPL13,175,0
GPL13,176,0
GPL13,177,0
GPL13,178,0
GPL13,179,0
GPL13,180,0
GPL13,181,0
GPL13,182,0
GPL13,183,0
GPL13,184,0
GPL13,185,0
GPL13,186,0
GPL13,187,0
GPL13,188,0
GPL13,189,0
GPL13,190,0
GPL13,191,0
GPL13,192,0
GPL13,193,0
GPL13,194,0
GPL13,195,0
GPL13,196,0
GPL13,197,0
GPL13,198,0
GPL13,199,0
GPL13,200,0
GPL13,201,0
GPL13,202,0
GPL13,203,0
GPL13,204,0
GPL13,205,0
GPL13,206,0
GPL13,207,0
GPL13,208,0
GPL13,209,0
GPL9,0,0
GPL9,1,0
GPL9,2,0
GPL9,3,0
GPL9,4,0
GPL9,6,0
GPL9,7,0
GPL9,8,0
GPL9,9,0
GPL9,10,0
GPL9,11,0
GPL9,12,0
GPL9,13,0
GPL9,14,0
GPL9,16,0
GPL9,17,0
GPL9,18,0
GPL9,19,0
GPL9,20,0
GPL9,22,0
GPL9,23,0
GPL9,24,0
GPL9,25,0
GPL9,26,0
GPL9,27,0
GPL9,28,0
GPL9,29,0
GPL9,30,0
GPL9,32,0
GPL9,33,0
GPL9,34,0
GPL9,35,0
GPL9,36,0
GPL9,38,0
GPL9,39,0
GPL9,40,0
GPL9,41,0
GPL9,42,0
GPL9,43,0
GPL9,44,0
GPL9,45,0
GPL9,46,0
GPL9,48,0
GPL9,49,0
GPL9,50,0
GPL9,51,0
GPL9,52,0
GPL9,54,0
GPL9,55,0
GPL9,56,0
GPL9,57,0
GPL9,58,0
GPL9,59,0
GPL9,60,0
GPL9,61,0
GPL9,62,0
GPL9,64,0
GPL9,65,0
GPL9,66,0
GPL9,67,0
GPL9,68,0
GPL9,70,0
GPL9,71,0
GPL9,72,0
GPL9,73,0
GPL9,74,0
GPL9,75,0
GPL9,76,0
GPL9,77,0
GPL9,78,0
GPL9,80,0
GPL9,81,0
GPL9,82,0
GPL9,83,0
GPL9,84,0
GPL9,86,0
GPL9,87,0
GPL9,88,0
GPL9,89,0
GPL9,90,0
GPL9,91,0
GPL9,92,0
GPL9,93,0
GPL9,94,0
GPL9,96,0
GPL9,97,0
GPL9,98,0
GPL9,99,0
GPL9,100,0
GPL9,102,0
GPL9,103,0
GPL9,104,0
GPL9,105,0
GPL9,106,0
GPL9,107,0
GPL9,108,0
GPL9,109,0
GPL9,110,0
GPL9,112,0
GPL9,113,0
GPL9,114,0
GPL9,115,0
GPL9,116,0
GPL9,118,0
GPL9,119,0
GPL9,120,0
GPL9,121,0
GPL9,122,0
GPL9,123,0
GPL9,124,0
GPL9,125,0
GPL9,126,0
GPL9,128,0
GPL9,129,0
GPL9,130,0
GPL9,131,0
GPL9,132,0
GPL9,134,0
GPL9,135,0
GPL9,136,0
GPL9,137,0
GPL9,138,0
GPL9,139,0
GPL9,140,0
GPL9,141,0
GPL9,142,0
GPL9,144,0
GPL9,145,0
GPL9,146,0
GPL9,147,0
GPL9,148,0
GPL9,150,0
GPL9,151,0
GPL9,152,0
GPL9,153,0
GPL9,154,0
GPL9,155,0
GPL9,156,0
GPL9,157,0
GPL9,158,0
GPL9,160,0
GPL9,161,0
GPL9,162,0
GPL9,163,0
GPL9,164,0
GPL9,166,0
GPL9,167,0
GPL9,168,0
GPL9,169,0
GPL9,170,0
GPL9,171,0
GPL9,172,0
GPL9,173,0
GPL9,174,0
GPL9,176,0
GPL9,177,0
GPL9,178,0
GPL9,179,0
GPL9,180,0
GPL9,182,0
GPL9,183,0
GPL9,184,0
GPL9,185,0
GPL9,186,0
GPL9,187,0
GPL9,188,0
GPL9,189,0
GPL9,190,0
GPL9,192,0
GPL9,193,0
GPL9,194,0
GPL9,195,0
GPL9,196,0
GPL9,198,0
GPL9,199,0
GPL9,200,0
GPL9,201,0
GPL9,202,0
GPL9,203,0
GPL9,204,0
GPL9,205,0
GPL9,206,0
GPL9,208,0
GPL9,209,0
GPL9,210,0
GPL9,211,0
GPL9,212,0
GPL9,214,0
GPL9,215,0
GPL9,216,0
GPL9,217,0
GPL9,218,0
GPL9,219,0
GPL9,220,0
GPL9,221,0
GPL9,222,0
GPL9,224,0
GPL9,225,0
GPL9,226,0
GPL9,227,0
GPL9,228,0
GPL9,230,0
GPL9,231,0
GPL9,232,0
GPL9,233,0
GPL9,234,0
GPL9,235,0
GPL9,236,0
GPL9,237,0
GPL9,238,0
GPL9,240,0
GPL9,241,0
GPL9,242,0
GPL9,243,0
GPL9,244,0
GPL9,246,0
GPL9,247,0
GPL9,248,0
GPL9,249,0
GPL9,250,0
GPL9,251,0
GPL9,252,0
GPL9,253,0
GPL9,254,0
GPL9,256,0
GPL9,257,0
GPL9,258,0
GPL9,259,0
GPL9,260,0
GPL9,262,0
GPL9,263,0
GPL9,264,0
GPL9,265,0
GPL9,266,0
GPL9,267,0
GPL9,268,0
GPL9,269,0
GPL9,270,0
GPL9,272,0
GPL9,273,0
GPL9,274,0
GPL9,275,0
GPL9,276,0
GPL9,278,0
GPL9,279,0
GPL9,280,0
GPL9,281,0
GPL9,282,0
GPL9,283,0
GPL9,284,0
GPL9,285,0
GPL9,286,0
GPL9,288,0
GPL9,289,0
GPL9,290,0
GPL9,291,0
GPL9,292,0
GPL9,294,0
GPL9,295,0
GPL9,296,0
GPL9,297,0
GPL9,298,0
GPL9,299,0
GPL9,300,0
GPL9,301,0
GPL9,302,0
GPL9,304,0
GPL9,305,0
GPL9,306,0
GPL9,307,0
GPL9,308,0
GPL9,310,0
GPL9,311,0
GPL9,312,0
GPL9,313,0
GPL9,314,0
GPL9,315,0
GPL9,316,0
GPL9,317,0
GPL9,318,0
GPL9,320,0
GPL9,321,0
GPL9,322,0
GPL9,323,0
GPL9,324,0
GPL9,326,0
GPL9,327,0
GPL9,328,0
GPL9,329,0
GPL9,330,0
GPL9,331,0
GPL9,332,0
GPL9,333,0
GPL9,334,0
GPL9,336,0
GPL9,337,0
GPL9,338,0
GPL9,339,0
GPL9,340,0
GPL9,342,0
GPL9,343,0
GPL9,344,0
GPL9,345,0
GPL9,346,0
GPL9,347,0
GPL9,348,0
GPL9,349,0
GPL9,350,0
GPL9,352,0
GPL9,353,0
GPL9,354,0
GPL9,355,0
GPL9,356,0
GPL9,358,0
GPL9,359,0
GPL9,360,0
GPL9,361,0
GPL9,362,0
GPL9,363,0
GPL9,364,0
GPL9,365,0
GPL9,366,0
GPL9,368,0
GPL9,369,0
GPL9,370,0
GPL9,371,0
GPL9,372,0
GPL9,374,0
GPL9,375,0
GPL9,376,0
GPL9,377,0
GPL9,378,0
GPL9,379,0
GPL9,380,0
GPL9,381,0
GPL9,382,0
GPL9,384,0
GPL9,385,0
GPL9,386,0
GPL9,387,0
GPL9,388,0
GPL9,390,0
GPL9,391,0
GPL9,392,0
GPL9,393,0
GPL9,394,0
GPL9,395,0
GPL9,396,0
GPL9,397,0
GPL9,398,0
GPL9,400,0
GPL9,401,0
GPL9,402,0
GPL9,403,0
GPL9,404,0
GPL9,406,0
GPL9,407,0
GPL9,408,0
GPL9,409,0
GPL9,410,0
GPL9,411,0
GPL9,412,0
GPL9,413,0
GPL9,414,0
GPL9,416,0
GPL9,417,0
GPL9,418,0
GPL9,419,0
GPL9,420,0
GPL9,422,0
GPL9,423,0
GPL9,424,0
GPL9,425,0
GPL9,426,0
GPL9,427,0
GPL9,428,0
GPL9,429,0
GPL9,430,0
GPL9,432,0
GPL9,433,0
GPL9,434,0
GPL9,435,0
GPL9,436,0
GPL9,438,0
GPL9,439,0
GPL9,440,0
GPL9,441,0
GPL9,442,0
GPL9,443,0
GPL9,444,0
GPL9,445,0
GPL9,446,0
GPL9,448,0
GPL9,449,0
GPL9,450,0
GPL9,451,0
GPL9,452,0
GPL9,454,0
GPL9,455,0
GPL9,456,0
GPL9,457,0
GPL9,458,0
GPL9,459,0
GPL9,460,0
GPL9,461,0
GPL9,462,0
GPL9,464,0
GPL9,465,0
GPL9,466,0
GPL9,467,0
GPL9,468,0
GPL9,470,0
GPL9,471,0
GPL9,472,0
GPL9,473,0
GPL9,474,0
GPL9,475,0
GPL9,476,0
GPL9,477,0
GPL9,478,0
GPL9,480,0
GPL9,481,0
GPL9,482,0
GPL9,483,0
GPL9,484,0
GPL9,486,0
GPL9,487,0
GPL9,488,0
GPL9,489,0
GPL9,490,0
GPL9,491,0
GPL9,492,0
GPL9,493,0
GPL9,494,0
GPL9,496,0
GPL9,497,0
GPL9,498,0
GPL9,499,0
GPL9,500,0
GPL9,502,0
GPL9,503,0
GPL9,504,0
GPL9,505,0
GPL9,506,0
GPL9,507,0
GPL9,508,0
GPL9,509,0
GPL9,510,0
GPL9,512,0
GPL9,513,0
GPL9,514,0
GPL9,515,0
GPL9,516,0
GPL9,518,0
GPL9,519,0
GPL9,520,0
GPL9,521,0
GPL9,522,0
GPL9,523,0
GPL9,524,0
GPL9,525,0
GPL9,526,0
GPL9,528,0
GPL9,529,0
GPL9,530,0
GPL9,531,0
GPL9,532,0
GPL9,534,0
GPL9,535,0
GPL9,536,0
GPL9,537,0
GPL9,538,0
GPL9,539,0
GPL9,540,0
GPL9,541,0
GPL9,542,0
GPL9,544,0
GPL9,545,0
GPL9,546,0
GPL9,547,0
GPL9,548,0
GPL9,550,0
GPL9,551,0
GPL9,552,0
GPL9,553,0
GPL9,554,0
GPL9,555,0
GPL9,556,0
GPL9,557,0
GPL9,558,0
GPL9,560,0
GPL9,561,0
GPL9,562,0
GPL9,563,0
GPL9,564,0
GPL9,566,0
GPL9,567,0
GPL9,568,0
GPL9,569,0
GPL9,570,0
GPL9,571,0
GPL9,572,0
GPL9,573,0
GPL9,574,0
GPL9,576,0
GPL9,577,0
GPL9,578,0
GPL9,579,0
GPL9,580,0
GPL9,582,0
GPL9,583,0
GPL9,584,0
GPL9,585,0
GPL9,586,0
GPL9,587,0
GPL9,588,0
GPL9,589,0
GPL9,590,0
GPL9,592,0
GPL9,593,0
GPL9,594,0
GPL9,595,0
GPL9,596,0
GPL9,598,0
GPL9,599,0
GPL9,600,0
GPL9,601,0
GPL9,602,0
GPL9,603,0
GPL9,604,0
GPL9,605,0
GPL9,606,0
GPL9,608,0
GPL9,609,0
GPL9,610,0
GPL9,611,0
GPL9,612,0
GPL9,614,0
GPL9,615,0
GPL9,616,0
GPL9,617,0
GPL9,618,0
GPL9,619,0
GPL9,620,0
GPL9,621,0
GPL9,622,0
GPL9,624,0
GPL9,625,0
GPL9,626,0
GPL9,627,0
GPL9,628,0
GPL9,630,0
GPL9,631,0
GPL9,632,0
GPL9,633,0
GPL9,634,0
GPL9,635,0
GPL9,636,0
GPL9,637,0
GPL9,638,0
GPL9,640,0
GPL9,641,0
GPL9,642,0
GPL9,643,0
GPL9,644,0
GPL9,646,0
GPL9,647,0
GPL9,648,0
GPL9,649,0
GPL9,650,0
GPL9,651,0
GPL9,652,0
GPL9,653,0
GPL9,654,0
GPL9,656,0
GPL9,657,0
GPL9,658,0
GPL9,659,0
GPL9,660,0
GPL9,662,0
GPL9,663,0
GPL9,664,0
GPL9,665,0
GPL9,666,0
GPL9,667,0
GPL9,668,0
GPL9,669,0
GPL9,670,0
GPL9,672,0
GPL9,673,0
GPL9,674,0
GPL9,675,0
GPL9,676,0
GPL9,678,0
GPL9,679,0
GPL9,680,0
GPL9,681,0
GPL9,682,0
GPL9,683,0
GPL9,684,0
GPL9,685,0
GPL9,686,0
GPL9,688,0
GPL9,689,0
GPL9,690,0
GPL9,691,0
GPL9,692,0
GPL9,694,0
GPL9,695,0
GPL9,696,0
GPL9,697,0
GPL9,698,0
GPL9,699,0
GPL9,700,0
GPL9,701,0
GPL9,702,0
GPL9,704,0
GPL9,705,0
GPL9,706,0
GPL9,707,0
GPL9,708,0
GPL9,710,0
GPL9,711,0
GPL9,712,0
GPL9,713,0
GPL9,714,0
GPL9,715,0
GPL9,716,0
GPL9,717,0
GPL9,718,0
GPL9,720,0
GPL9,721,0
GPL9,722,0
GPL9,723,0
GPL9,724,0
GPL9,726,0
GPL9,727,0
GPL9,728,0
GPL9,729,0
GPL9,730,0
GPL9,731,0
GPL9,732,0
GPL9,733,0
GPL9,734,0
GPL9,736,0
GPL9,737,0
GPL9,738,0
GPL9,739,0
GPL9,740,0
GPL9,742,0
GPL9,743,0
GPL9,744,0
GPL9,745,0
GPL9,746,0
GPL9,747,0
GPL9,748,0
GPL9,749,0
GPL9,750,0
GPL9,752,0
GPL9,753,0
GPL9,754,0
GPL9,755,0
GPL9,756,0
GPL9,758,0
GPL9,759,0
GPL9,760,0
GPL9,761,0
GPL9,762,0
GPL9,763,0
GPL9,764,0
GPL9,765,0
GPL9,766,0
GPL9,768,0
GPL9,769,0
GPL9,770,0
GPL9,771,0
GPL9,772,0
GPL9,774,0
GPL9,775,0
GPL9,776,0
GPL9,777,0
GPL9,778,0
GPL9,779,0
GPL9,780,0
GPL9,781,0
GPL9,782,0
GPL9,784,0
GPL9,785,0
GPL9,786,0
GPL9,787,0
GPL9,788,0
GPL9,790,0
GPL9,791,0
GPL9,792,0
GPL9,793,0
GPL9,794,0
GPL9,795,0
GPL9,796,0
GPL9,797,0
GPL9,798,0
GPL9,800,0
GPL9,801,0
GPL9,802,0
GPL9,803,0
GPL9,804,0
GPL9,806,0
GPL9,807,0
GPL9,808,0
GPL9,809,0
GPL9,810,0
GPL9,811,0
GPL9,812,0
GPL9,813,0
GPL9,814,0
GPL9,816,0
GPL9,817,0
GPL9,818,0
GPL9,819,0
GPL9,820,0
GPL9,822,0
GPL9,823,0
GPL9,824,0
GPL9,825,0
GPL9,826,0
GPL9,827,0
GPL9,828,0
GPL9,829,0
GPL9,830,0
GPL9,832,0
GPL10,0,0
GPL10,1,0
GPL10,2,0
GPL10,3,0
GPL10,4,0
GPL10,6,0
GPL10,7,0
GPL10,8,0
GPL10,9,0
GPL10,10,0
GPL10,11,0
GPL10,12,0
GPL10,13,0
GPL10,14,0
GPL10,16,0
GPL10,17,0
GPL10,18,0
GPL10,19,0
GPL10,20,0
GPL10,22,0
GPL10,23,0
GPL10,24,0
GPL10,25,0
GPL10,26,0
GPL10,27,0
GPL10,28,0
GPL10,29,0
GPL10,30,0
GPL10,32,0
GPL10,33,0
GPL10,34,0
GPL10,35,0
GPL10,36,0
GPL10,38,0
GPL10,39,0
GPL10,40,0
GPL10,41,0
GPL10,42,0
GPL10,43,0
GPL10,44,0
GPL10,45,0
GPL10,46,0
GPL10,48,0
GPL10,49,0
GPL10,50,0
GPL10,51,0
GPL10,52,0
GPL10,54,0
GPL10,55,0
GPL10,56,0
GPL10,57,0
GPL10,58,0
GPL10,59,0
GPL10,60,0
GPL10,61,0
GPL10,62,0
GPL10,64,0
GPL10,65,0
GPL10,66,0
GPL10,67,0
GPL10,68,0
GPL10,70,0
GPL10,71,0
GPL10,72,0
GPL10,73,0
GPL10,74,0
GPL10,75,0
GPL10,76,0
GPL10,77,0
GPL10,78,0
GPL10,80,0
GPL10,81,0
GPL10,82,0
GPL10,83,0
GPL10,84,0
GPL10,86,0
GPL10,87,0
GPL10,88,0
GPL10,89,0
GPL10,90,0
GPL10,91,0
GPL10,92,0
GPL10,93,0
GPL10,94,0
GPL10,96,0
GPL10,97,0
GPL10,98,0
GPL10,99,0
GPL10,100,0
GPL10,102,0
GPL10,103,0
GPL10,104,0
GPL10,105,0
GPL10,106,0
GPL10,107,0
GPL10,108,0
GPL10,109,0
GPL10,110,0
GPL10,112,0
GPL10,113,0
GPL10,114,0
GPL10,115,0
GPL10,116,0
GPL10,118,0
GPL10,119,0
GPL10,120,0
GPL10,121,0
GPL10,122,0
GPL10,123,0
GPL10,124,0
GPL10,125,0
GPL10,126,0
GPL10,128,0
GPL10,129,0
GPL10,130,0
GPL10,131,0
GPL10,132,0
GPL10,134,0
GPL10,135,0
GPL10,136,0
GPL10,137,0
GPL10,138,0
GPL10,139,0
GPL10,140,0
GPL10,141,0
GPL10,142,0
GPL10,144,0
GPL10,145,0
GPL10,146,0
GPL10,147,0
GPL10,148,0
GPL10,150,0
GPL10,151,0
GPL10,152,0
GPL10,153,0
GPL10,154,0
GPL10,155,0
GPL10,156,0
GPL10,157,0
GPL10,158,0
GPL10,160,0
GPL10,161,0
GPL10,162,0
GPL10,163,0
GPL10,164,0
GPL10,166,0
GPL10,167,0
GPL10,168,0
GPL10,169,0
GPL10,170,0
GPL10,171,0
GPL10,172,0
GPL10,173,0
GPL10,174,0
GPL10,176,0
GPL10,177,0
GPL10,178,0
GPL10,179,0
GPL10,180,0
GPL10,182,0
GPL10,183,0
GPL10,184,0
GPL10,185,0
GPL10,186,0
GPL10,187,0
GPL10,188,0
GPL10,189,0
GPL10,190,0
GPL10,192,0
GPL10,193,0
GPL10,194,0
GPL10,195,0
GPL10,196,0
GPL10,198,0
GPL10,199,0
GPL10,200,0
GPL10,201,0
GPL10,202,0
GPL10,203,0
GPL10,204,0
GPL10,205,0
GPL10,206,0
GPL10,208,0
GPL10,209,0
GPL10,210,0
GPL10,211,0
GPL10,212,0
GPL10,214,0
GPL10,215,0
GPL10,216,0
GPL10,217,0
GPL10,218,0
GPL10,219,0
GPL10,220,0
GPL10,221,0
GPL10,222,0
GPL10,224,0
GPL10,225,0
GPL10,226,0
GPL10,227,0
GPL10,228,0
GPL10,230,0
GPL10,231,0
GPL10,232,0
GPL10,233,0
GPL10,234,0
GPL10,235,0
GPL10,236,0
GPL10,237,0
GPL10,238,0
GPL10,240,0
GPL10,241,0
GPL10,242,0
GPL10,243,0
GPL10,244,0
GPL10,246,0
GPL10,247,0
GPL10,248,0
GPL10,249,0
GPL10,250,0
GPL10,251,0
GPL10,252,0
GPL10,253,0
GPL10,254,0
GPL10,256,0
GPL10,257,0
GPL10,258,0
GPL10,259,0
GPL10,260,0
GPL10,262,0
GPL10,263,0
GPL10,264,0
GPL10,265,0
GPL10,266,0
GPL10,267,0
GPL10,268,0
GPL10,269,0
GPL10,270,0
GPL10,272,0
GPL10,273,0
GPL10,274,0
GPL10,275,0
GPL10,276,0
GPL10,278,0
GPL10,279,0
GPL10,280,0
GPL10,281,0
GPL10,282,0
GPL10,283,0
GPL10,284,0
GPL10,285,0
GPL10,286,0
GPL10,288,0
GPL10,289,0
GPL10,290,0
GPL10,291,0
GPL10,292,0
GPL10,294,0
GPL10,295,0
GPL10,296,0
GPL10,297,0
GPL10,298,0
GPL10,299,0
GPL10,300,0
GPL10,301,0
GPL10,302,0
GPL10,304,0
GPL10,305,0
GPL10,306,0
GPL10,307,0
GPL10,308,0
GPL10,310,0
GPL10,311,0
GPL10,312,0
GPL10,313,0
GPL10,314,0
GPL10,315,0
GPL10,316,0
GPL10,317,0
GPL10,318,0
GPL10,320,0
GPL10,321,0
GPL10,322,0
GPL10,323,0
GPL10,324,0
GPL10,326,0
GPL10,327,0
GPL10,328,0
GPL10,329,0
GPL10,330,0
GPL10,331,0
GPL10,332,0
GPL10,333,0
GPL10,334,0
GPL10,336,0
GPL10,337,0
GPL10,338,0
GPL10,339,0
GPL10,340,0
GPL10,342,0
GPL10,343,0
GPL10,344,0
GPL10,345,0
GPL10,346,0
GPL10,347,0
GPL10,348,0
GPL10,349,0
GPL10,350,0
GPL10,352,0
GPL10,353,0
GPL10,354,0
GPL10,355,0
GPL10,356,0
GPL10,358,0
GPL10,359,0
GPL10,360,0
GPL10,361,0
GPL10,362,0
GPL10,363,0
GPL10,364,0
GPL10,365,0
GPL10,366,0
GPL10,368,0
GPL10,369,0
GPL10,370,0
GPL10,371,0
GPL10,372,0
GPL10,374,0
GPL10,375,0
GPL10,376,0
GPL10,377,0
GPL10,378,0
GPL10,379,0
GPL10,380,0
GPL10,381,0
GPL10,382,0
GPL10,384,0
GPL10,385,0
GPL10,386,0
GPL10,387,0
GPL10,388,0
GPL10,390,0
GPL10,391,0
GPL10,392,0
GPL10,393,0
GPL10,394,0
GPL10,395,0
GPL10,396,0
GPL10,397,0
GPL10,398,0
GPL10,400,0
GPL10,401,0
GPL10,402,0
GPL10,403,0
GPL10,404,0
GPL10,406,0
GPL10,407,0
GPL10,408,0
GPL10,409,0
GPL10,410,0
GPL10,411,0
GPL10,412,0
GPL10,413,0
GPL10,414,0
GPL10,416,0
GPL10,417,0
GPL10,418,0
GPL10,419,0
GPL10,420,0
GPL10,422,0
GPL10,423,0
GPL10,424,0
GPL10,425,0
GPL10,426,0
GPL10,427,0
GPL10,428,0
GPL10,429,0
GPL10,430,0
GPL10,432,0
GPL10,433,0
GPL10,434,0
GPL10,435,0
GPL10,436,0
GPL10,438,0
GPL10,439,0
GPL10,440,0
GPL10,441,0
GPL10,442,0
GPL10,443,0
GPL10,444,0
GPL10,445,0
GPL10,446,0
GPL10,448,0
GPL10,449,0
GPL10,450,0
GPL10,451,0
GPL10,452,0
GPL10,454,0
GPL10,455,0
GPL10,456,0
GPL10,457,0
GPL10,458,0
GPL10,459,0
GPL10,460,0
GPL10,461,0
GPL10,462,0
GPL10,464,0
GPL10,465,0
GPL10,466,0
GPL10,467,0
GPL10,468,0
GPL10,470,0
GPL10,471,0
GPL10,472,0
GPL10,473,0
GPL10,474,0
GPL10,475,0
GPL10,476,0
GPL10,477,0
GPL10,478,0
GPL10,480,0
GPL10,481,0
GPL10,482,0
GPL10,483,0
GPL10,484,0
GPL10,486,0
GPL10,487,0
GPL10,488,0
GPL10,489,0
GPL10,490,0
GPL10,491,0
GPL10,492,0
GPL10,493,0
GPL10,494,0
GPL10,496,0
GPL10,497,0
GPL10,498,0
GPL10,499,0
GPL10,500,0
GPL10,502,0
GPL10,503,0
GPL10,504,0
GPL10,505,0
GPL10,506,0
GPL10,507,0
GPL10,508,0
GPL10,509,0
GPL10,510,0
GPL10,512,0
GPL10,513,0
GPL10,514,0
GPL10,515,0
GPL10,516,0
GPL10,518,0
GPL10,519,0
GPL10,520,0
GPL10,521,0
GPL10,522,0
GPL10,523,0
GPL10,524,0
GPL10,525,0
GPL10,526,0
GPL10,528,0
GPL10,529,0
GPL10,530,0
GPL10,531,0
GPL10,532,0
GPL10,534,0
GPL10,535,0
GPL10,536,0
GPL10,537,0
GPL10,538,0
GPL10,539,0
GPL10,540,0
GPL10,541,0
GPL10,542,0
GPL10,544,0
GPL10,545,0
GPL10,546,0
GPL10,547,0
GPL10,548,0
GPL10,550,0
GPL10,551,0
GPL10,552,0
GPL10,553,0
GPL10,554,0
GPL10,555,0
GPL10,556,0
GPL10,557,0
GPL10,558,0
GPL10,560,0
GPL10,561,0
GPL10,562,0
GPL10,563,0
GPL10,564,0
GPL10,566,0
GPL10,567,0
GPL10,568,0
GPL10,569,0
GPL10,570,0
GPL10,571,0
GPL10,572,0
GPL10,573,0
GPL10,574,0
GPL10,576,0
GPL10,577,0
GPL10,578,0
GPL10,579,0
GPL10,580,0
GPL10,582,0
GPL10,583,0
GPL10,584,0
GPL10,585,0
GPL10,586,0
GPL10,587,0
GPL10,588,0
GPL10,589,0
GPL10,590,0
GPL10,592,0
GPL10,593,0
GPL10,594,0
GPL10,595,0
GPL10,596,0
GPL10,598,0
GPL10,599,0
GPL10,600,0
GPL10,601,0
GPL10,602,0
GPL10,603,0
GPL10,604,0
GPL10,605,0
GPL10,606,0
GPL10,608,0
GPL10,609,0
GPL10,610,0
GPL10,611,0
GPL10,612,0
GPL10,614,0
GPL10,615,0
GPL10,616,0
GPL10,617,0
GPL10,618,0
GPL10,619,0
GPL10,620,0
GPL10,621,0
GPL10,622,0
GPL10,624,0
GPL10,625,0
GPL10,626,0
GPL10,627,0
GPL10,628,0
GPL10,630,0
GPL10,631,0
GPL10,632,0
GPL10,633,0
GPL10,634,0
GPL10,635,0
GPL10,636,0
GPL10,637,0
GPL10,638,0
GPL10,640,0
GPL10,641,0
GPL10,642,0
GPL10,643,0
GPL10,644,0
GPL10,646,0
GPL10,647,0
GPL10,648,0
GPL10,649,0
GPL10,650,0
GPL10,651,0
GPL10,652,0
GPL10,653,0
GPL10,654,0
GPL10,656,0
GPL10,657,0
GPL10,658,0
GPL10,659,0
GPL10,660,0
GPL10,662,0
GPL10,663,0
GPL10,664,0
GPL10,665,0
GPL10,666,0
GPL10,667,0
GPL10,668,0
GPL10,669,0
GPL10,670,0
GPL10,672,0
GPL10,673,0
GPL10,674,0
GPL10,675,0
GPL10,676,0
GPL10,678,0
GPL10,679,0
GPL10,680,0
GPL10,681,0
GPL10,682,0
GPL10,683,0
GPL10,684,0
GPL10,685,0
GPL10,686,0
GPL10,688,0
GPL10,689,0
GPL10,690,0
GPL10,691,0
GPL10,692,0
GPL10,694,0
GPL10,695,0
GPL10,696,0
GPL10,697,0
GPL10,698,0
GPL10,699,0
GPL10,700,0
GPL10,701,0
GPL10,702,0
GPL10,704,0
GPL10,705,0
GPL10,706,0
GPL10,707,0
GPL10,708,0
GPL10,710,0
GPL10,711,0
GPL10,712,0
GPL10,713,0
GPL10,714,0
GPL10,715,0
GPL10,716,0
GPL10,717,0
GPL10,718,0
GPL10,720,0
GPL10,721,0
GPL10,722,0
GPL10,723,0
GPL10,724,0
GPL10,726,0
GPL10,727,0
GPL10,728,0
GPL10,729,0
GPL10,730,0
GPL10,731,0
GPL10,732,0
GPL10,733,0
GPL10,734,0
GPL10,736,0
GPL10,737,0
GPL10,738,0
GPL10,739,0
GPL10,740,0
GPL10,742,0
GPL10,743,0
GPL10,744,0
GPL10,745,0
GPL10,746,0
GPL10,747,0
GPL10,748,0
GPL10,749,0
GPL10,750,0
GPL10,752,0
GPL10,753,0
GPL10,754,0
GPL10,755,0
GPL10,756,0
GPL10,758,0
GPL10,759,0
GPL10,760,0
GPL10,761,0
GPL10,762,0
GPL10,763,0
GPL10,764,0
GPL10,765,0
GPL10,766,0
GPL10,768,0
GPL10,769,0
GPL10,770,0
GPL10,771,0
GPL10,772,0
GPL10,774,0
GPL10,775,0
GPL10,776,0
GPL10,777,0
GPL10,778,0
GPL10,779,0
GPL10,780,0
GPL10,781,0
GPL10,782,0
GPL10,784,0
GPL10,785,0
GPL10,786,0
GPL10,787,0
GPL10,788,0
GPL10,790,0
GPL10,791,0
GPL10,792,0
GPL10,793,0
GPL10,794,0
GPL10,795,0
GPL10,796,0
GPL10,797,0
GPL10,798,0
GPL10,800,0
GPL10,801,0
GPL10,802,0
GPL10,803,0
GPL10,804,0
GPL10,806,0
GPL10,807,0
GPL10,808,0
GPL10,809,0
GPL10,810,0
GPL10,811,0
GPL10,812,0
GPL10,813,0
GPL10,814,0
GPL10,816,0
GPL10,817,0
GPL10,818,0
GPL10,819,0
GPL10,820,0
GPL10,822,0
GPL10,823,0
GPL10,824,0
GPL10,825,0
GPL10,826,0
GPL10,827,0
GPL10,828,0
GPL10,829,0
GPL10,830,0
GPL10,832,0
GPL10,833,0
GPL10,834,0
GPL10,835,0
GPL10,836,0
GPL10,838,0
GPL10,839,0
GPL10,840,0
GPL10,841,0
GPL10,842,0
GPL10,843,0
GPL10,844,0
GPL10,845,0
GPL10,846,0
GPL10,848,0
GPL10,849,0
GPL10,850,0
GPL10,851,0
GPL10,852,0
GPL10,854,0
GPL10,855,0
GPL10,856,0
GPL10,857,0
GPL10,858,0
GPL10,859,0
GPL10,860,0
GPL10,861,0
GPL10,862,0
GPL10,864,0
GPL10,865,0
GPL10,866,0
GPL10,867,0
GPL10,868,0
GPL10,870,0
GPL10,871,0
GPL10,872,0
GPL10,873,0
GPL10,874,0
GPL10,875,0
GPL10,876,0
GPL10,877,0
GPL10,878,0
GPL10,880,0
GPL10,881,0
GPL10,882,0
GPL10,883,0
GPL10,884,0
GPL10,886,0
GPL10,887,0
GPL10,888,0
GPL10,889,0
GPL10,890,0
GPL10,891,0
GPL10,892,0
GPL10,893,0
GPL10,894,0
GPL10,896,0
GPL10,897,0
GPL10,898,0
GPL10,899,0
GPL10,900,0
GPL10,902,0
GPL10,903,0
GPL10,904,0
GPL10,905,0
GPL10,906,0
GPL10,907,0
GPL10,908,0
GPL10,909,0
GPL10,910,0
GPL10,912,0
GPL10,913,0
GPL10,914,0
GPL10,915,0
GPL10,916,0
GPL10,918,0
GPL10,919,0
GPL10,920,0
GPL10,921,0
GPL10,922,0
GPL10,923,0
GPL10,924,0
GPL10,925,0
GPL10,926,0
GPL10,928,0
GPL10,929,0
GPL10,930,0
GPL10,931,0
GPL10,932,0
GPL10,934,0
GPL10,935,0
GPL10,936,0
GPL10,937,0
GPL10,938,0
GPL10,939,0
GPL10,940,0
GPL10,941,0
GPL10,942,0
GPL10,944,0
GPL10,945,0
GPL10,946,0
GPL10,947,0
GPL10,948,0
GPL10,950,0
GPL10,951,0
GPL10,952,0
GPL10,953,0
GPL10,954,0
GPL10,955,0
GPL10,956,0
GPL10,957,0
GPL10,958,0
GPL10,960,0
GPL10,961,0
GPL10,962,0
GPL10,963,0
GPL10,964,0
GPL10,966,0
GPL10,967,0
GPL10,968,0
GPL10,969,0
GPL10,970,0
GPL10,971,0
GPL10,972,0
GPL10,973,0
GPL10,974,0
GPL10,976,0
GPL10,977,0
GPL10,978,0
GPL10,979,0
GPL10,980,0
GPL10,982,0
GPL10,983,0
GPL10,984,0
GPL10,985,0
GPL10,986,0
GPL10,987,0
GPL10,988,0
GPL10,989,0
GPL10,990,0
GPL10,992,0
GPL10,993,0
GPL10,994,0
GPL10,995,0
GPL10,996,0
GPL10,998,0
GPL10,999,0
GPL10,1000,0
GPL10,1001,0
GPL10,1002,0
GPL10,1003,0
GPL10,1004,0
GPL10,1005,0
GPL10,1006,0
GPL10,1008,0
GPL10,1009,0
GPL10,1010,0
GPL10,1011,0
GPL10,1012,0
GPL10,1014,0
GPL10,1015,0
GPL10,1016,0
GPL10,1017,0
GPL10,1018,0
GPL10,1019,0
GPL10,1020,0
GPL10,1021,0
GPL10,1022,0
GPL10,1024,0
GPL10,1025,0
GPL10,1026,0
GPL10,1027,0
GPL10,1028,0
GPL10,1030,0
GPL10,1031,0
GPL10,1032,0
GPL10,1033,0
GPL10,1034,0
GPL10,1035,0
GPL10,1036,0
GPL10,1037,0
GPL10,1038,0
GPL10,1040,0
GPL10,1041,0
GPL10,1042,0
GPL10,1043,0
GPL10,1044,0
GPL10,1046,0
GPL10,1047,0
GPL10,1048,0
GPL10,1049,0
GPL10,1050,0
GPL10,1051,0
GPL10,1052,0
GPL10,1053,0
GPL10,1054,0
GPL10,1056,0
GPL10,1057,0
GPL10,1058,0
GPL10,1059,0
GPL10,1060,0
GPL10,1062,0
GPL10,1063,0
GPL10,1064,0
GPL10,1065,0
GPL10,1066,0
GPL10,1067,0
GPL10,1068,0
GPL10,1069,0
GPL10,1070,0
GPL10,1072,0
GPL10,1073,0
GPL10,1074,0
GPL10,1075,0
GPL10,1076,0
GPL10,1078,0
GPL10,1079,0
GPL10,1080,0
GPL10,1081,0
GPL10,1082,0
GPL10,1083,0
GPL10,1084,0
GPL10,1085,0
GPL10,1086,0
GPL10,1088,0
GPL10,1089,0
GPL10,1090,0
GPL10,1091,0
GPL10,1092,0
GPL10,1094,0
GPL10,1095,0
GPL10,1096,0
GPL10,1097,0
GPL10,1098,0
GPL10,1099,0
GPL10,1100,0
GPL10,1101,0
GPL10,1102,0
GPL10,1104,0
GPL10,1105,0
GPL10,1106,0
GPL10,1107,0
GPL10,1108,0
GPL10,1110,0
GPL10,1111,0
GPL10,1112,0
GPL10,1113,0
GPL10,1114,0
GPL10,1115,0
GPL10,1116,0
GPL10,1117,0
GPL10,1118,0
GPL10,1120,0
GPL10,1121,0
GPL10,1122,0
GPL10,1123,0
GPL10,1124,0
GPL10,1126,0
GPL10,1127,0
GPL10,1128,0
GPL10,1129,0
GPL10,1130,0
GPL10,1131,0
GPL10,1132,0
GPL10,1133,0
GPL10,1134,0
GPL10,1136,0
GPL10,1137,0
GPL10,1138,0
GPL10,1139,0
GPL10,1140,0
GPL10,1142,0
GPL10,1143,0
GPL10,1144,0
GPL10,1145,0
GPL10,1146,0
GPL10,1147,0
GPL10,1148,0
GPL10,1149,0
GPL10,1150,0
GPL10,1152,0
GPL10,1153,0
GPL10,1154,0
GPL10,1155,0
GPL10,1156,0
GPL10,1158,0
GPL10,1159,0
GPL10,1160,0
GPL10,1161,0
GPL10,1162,0
GPL10,1163,0
GPL10,1164,0
GPL10,1165,0
GPL10,1166,0
GPL10,1168,0
GPL10,1169,0
GPL10,1170,0
GPL10,1171,0
GPL10,1172,0
GPL10,1174,0
GPL10,1175,0
GPL10,1176,0
GPL10,1177,0
GPL10,1178,0
GPL10,1179,0
GPL10,1180,0
GPL10,1181,0
GPL10,1182,0
GPL10,1184,0
GPL10,1185,0
GPL10,1186,0
GPL10,1187,0
GPL10,1188,0
GPL10,1190,0
GPL10,1191,0
GPL10,1192,0
GPL10,1193,0
GPL10,1194,0
GPL10,1195,0
GPL10,1196,0
GPL10,1197,0
GPL10,1198,0
GPL10,1200,0
GPL10,1201,0
GPL10,1202,0
GPL10,1203,0
GPL10,1204,0
GPL10,1206,0
GPL10,1207,0
GPL10,1208,0
GPL10,1209,0
GPL10,1210,0
GPL10,1211,0
GPL10,1212,0
GPL10,1213,0
GPL10,1214,0
GPL10,1216,0
GPL10,1217,0
GPL10,1218,0
GPL10,1219,0
GPL10,1220,0
GPL10,1222,0
GPL10,1223,0
GPL10,1224,0
GPL10,1225,0
GPL10,1226,0
GPL10,1227,0
GPL10,1228,0
GPL10,1229,0
GPL10,1230,0
GPL10,1232,0
GPL10,1233,0
GPL10,1234,0
GPL10,1235,0
GPL10,1236,0
GPL10,1238,0
GPL10,1239,0
GPL10,1240,0
GPL10,1241,0
GPL10,1242,0
GPL10,1243,0
GPL10,1244,0
GPL10,1245,0
GPL10,1246,0
GPL10,1248,0
GPL10,1249,0
GPL10,1250,0
GPL10,1251,0
GPL10,1252,0
GPL10,1254,0
GPL10,1255,0
GPL10,1256,0
GPL10,1257,0
GPL10,1258,0
GPL10,1259,0
GPL10,1260,0
GPL10,1261,0
GPL10,1262,0
GPL5,0,0
GPL5,1,0
GPL5,2,0
GPL5,3,0
GPL5,4,0
GPL5,5,0
GPL5,6,0
GPL5,7,0
GPL5,8,0
GPL5,9,0
GPL5,10,0
GPL5,11,0
GPL5,12,0
GPL5,13,0
GPL5,14,0
GPL5,15,0
GPL5,16,0
GPL5,17,0
GPL5,18,0
GPL5,19,0
GPL5,20,0
GPL5,21,0
GPL5,22,0
GPL5,23,0
GPL5,24,0
GPL5,25,0
GPL5,26,0
GPL5,27,0
GPL5,28,0
GPL5,29,0
GPL5,30,0
GPL5,31,0
GPL5,32,0
GPL5,33,0
GPL5,34,0
GPL5,35,0
GPL5,36,0
GPL5,37,0
GPL5,38,0
GPL5,39,0
GPL5,40,0
GPL5,41,0
GPL5,42,0
GPL5,43,0
GPL5,44,0
GPL5,45,0
GPL5,46,0
GPL5,47,0
GPL5,48,0
GPL5,49,0
GPL5,50,0
GPL5,51,0
GPL5,52,0
GPL5,53,0
GPL5,54,0
GPL5,55,0
GPL5,56,0
GPL5,57,0
GPL5,58,0
GPL5,59,0
GPL5,60,0
GPL5,61,0
GPL5,63,0
GPL5,64,0
GPL5,65,0
GPL5,66,0
GPL5,67,0
GPL5,68,0
GPL5,69,0
GPL5,70,0
GPL5,71,0
GPL5,72,0
GPL5,73,0
GPL5,74,0
GPL5,75,0
GPL5,76,0
GPL5,77,0
GPL5,78,0
GPL5,79,0
GPL5,80,0
GPL5,81,0
GPL5,82,0
GPL5,83,0
GPL5,84,0
GPL5,85,0
GPL5,86,0
GPL5,87,0
GPL5,88,0
GPL5,89,0
GPL5,90,0
GPL5,92,0
GPL5,93,0
GPL5,94,0
GPL5,95,0
GPL5,96,0
GPL5,97,0
GPL5,98,0
GPL5,99,0
GPL5,100,0
GPL5,101,0
GPL5,102,0
GPL5,103,0
GPL5,104,0
GPL5,105,0
GPL5,106,0
GPL5,107,0
GPL5,108,0
GPL5,109,0
GPL5,110,0
GPL5,111,0
GPL5,112,0
GPL5,113,0
GPL5,114,0
GPL5,115,0
GPL5,116,0
GPL5,117,0
GPL5,119,0
GPL5,120,0
GPL5,121,0
GPL5,122,0
GPL5,124,0
GPL5,125,0
GPL5,126,0
GPL5,127,0
GPL5,128,0
GPL5,129,0
GPL5,130,0
GPL5,131,0
GPL5,132,0
GPL5,133,0
GPL5,134,0
GPL5,135,0
GPL5,137,0
GPL5,138,0
GPL5,139,0
GPL5,140,0
GPL5,141,0
GPL5,142,0
GPL5,143,0
GPL5,144,0
GPL5,145,0
GPL5,146,0
GPL5,147,0
GPL5,148,0
GPL5,149,0
GPL5,150,0
GPL5,151,0
GPL5,152,0
GPL5,154,0
GPL5,155,0
GPL5,156,0
GPL5,157,0
GPL5,158,0
GPL5,159,0
GPL5,160,0
GPL5,161,0
GPL5,162,0
GPL5,163,0
GPL5,164,0
GPL5,165,0
GPL5,166,0
GPL5,167,0
GPL5,168,0
GPL5,169,0
GPL5,170,0
GPL5,171,0
GPL5,172,0
GPL5,173,0
GPL5,174,0
GPL5,175,0
GPL5,176,0
GPL5,177,0
GPL5,178,0
GPL5,179,0
GPL5,180,0
GPL5,181,0
GPL5,182,0
GPL5,183,0
GPL5,185,0
GPL5,186,0
GPL5,187,0
GPL5,188,0
GPL5,189,0
GPL5,190,0
GPL5,191,0
GPL5,192,0
GPL5,193,0
GPL5,194,0
GPL5,195,0
GPL5,196,0
GPL5,197,0
GPL5,198,0
GPL5,199,0
GPL5,200,0
GPL5,201,0
GPL5,202,0
GPL5,203,0
GPL5,204,0
GPL5,205,0
GPL5,206,0
GPL5,207,0
GPL5,208,0
GPL5,209,0
GPL5,210,0
GPL5,211,0
GPL5,212,0
GPL5,213,0
GPL5,214,0
GPL5,215,0
GPL5,216,0
GPL5,217,0
GPL5,219,0
GPL5,220,0
GPL5,221,0
GPL5,223,0
GPL5,224,0
GPL5,225,0
GPL5,226,0
GPL5,227,0
GPL5,228,0
GPL5,229,0
GPL5,230,0
GPL5,231,0
GPL5,232,0
GPL5,233,0
GPL5,235,0
GPL5,236,0
GPL5,237,0
GPL5,239,0
GPL5,240,0
GPL5,241,0
GPL5,242,0
GPL5,243,0
GPL5,244,0
GPL5,245,0
GPL5,246,0
GPL5,247,0
GPL5,248,0
GPL5,249,0
GPL5,251,0
GPL5,252,0
GPL5,253,0
GPL5,254,0
GPL5,255,0
GPL5,256,0
GPL5,257,0
GPL5,258,0
GPL5,259,0
GPL5,260,0
GPL5,261,0
GPL5,263,0
GPL5,264,0
GPL5,265,0
GPL5,266,0
GPL5,267,0
GPL5,268,0
GPL5,269,0
GPL5,270,0
GPL5,271,0
GPL5,273,0
GPL5,275,0
GPL5,277,0
GPL5,278,0
GPL5,279,0
GPL5,280,0
GPL5,281,0
GPL5,282,0
GPL5,283,0
GPL5,284,0
GPL5,285,0
GPL5,286,0
GPL5,287,0
GPL5,288,0
GPL5,289,0
GPL5,290,0
GPL5,291,0
GPL5,292,0
GPL5,293,0
GPL5,294,0
GPL5,295,0
GPL5,296,0
GPL5,297,0
GPL5,298,0
GPL5,299,0
GPL5,300,0
GPL5,301,0
GPL5,302,0
GPL5,303,0
GPL5,304,0
GPL5,305,0
GPL5,307,0
GPL5,308,0
GPL5,309,0
GPL5,310,0
GPL5,311,0
GPL5,312,0
GPL5,313,0
GPL5,314,0
GPL5,315,0
GPL5,316,0
GPL5,317,0
GPL5,318,0
GPL5,319,0
GPL5,320,0
GPL5,321,0
GPL5,323,0
GPL5,324,0
GPL5,325,0
GPL5,326,0
GPL5,327,0
GPL5,328,0
GPL5,329,0
GPL5,332,0
GPL5,334,0
GPL5,335,0
GPL5,336,0
GPL5,337,0
GPL5,338,0
GPL5,339,0
GPL5,340,0
GPL5,341,0
GPL5,343,0
GPL5,344,0
GPL5,346,0
GPL5,347,0
GPL5,348,0
GPL5,349,0
GPL5,350,0
GPL5,351,0
GPL5,352,0
GPL5,353,0
GPL5,354,0
GPL5,355,0
GPL5,356,0
GPL5,357,0
GPL5,358,0
GPL5,359,0
GPL5,360,0
GPL5,361,0
GPL5,362,0
GPL5,363,0
GPL5,364,0
GPL5,365,0
GPL5,366,0
GPL5,367,0
GPL5,368,0
GPL5,369,0
GPL5,370,0
GPL5,371,0
GPL5,372,0
GPL5,373,0
GPL5,375,0
GPL5,376,0
GPL5,377,0
GPL5,378,0
GPL5,379,0
GPL5,380,0
GPL5,381,0
GPL5,382,0
GPL5,383,0
GPL5,384,0
GPL5,385,0
GPL5,387,0
GPL5,388,0
GPL5,389,0
GPL5,391,0
GPL5,392,0
GPL5,393,0
GPL5,394,0
GPL5,396,0
GPL5,397,0
GPL5,399,0
GPL5,400,0
GPL5,401,0
GPL5,402,0
GPL5,403,0
GPL5,405,0
GPL5,406,0
GPL5,408,0
GPL5,409,0
GPL5,410,0
GPL5,411,0
GPL5,412,0
GPL5,413,0
GPL5,414,0
GPL5,415,0
GPL5,416,0
GPL5,417,0
GPL5,420,0
GPL5,421,0
GPL5,422,0
GPL5,423,0
GPL5,424,0
GPL5,426,0
GPL5,427,0
GPL5,428,0
GPL5,429,0
GPL5,430,0
GPL5,432,0
GPL5,433,0
GPL5,434,0
GPL5,435,0
GPL5,436,0
GPL5,437,0
GPL5,438,0
GPL5,439,0
GPL5,440,0
GPL5,441,0
GPL5,442,0
GPL5,443,0
GPL5,444,0
GPL5,445,0
GPL5,446,0
GPL5,447,0
GPL5,448,0
GPL5,449,0
GPL5,450,0
GPL5,451,0
GPL5,452,0
GPL5,453,0
GPL5,454,0
GPL5,455,0
GPL5,456,0
GPL5,457,0
GPL5,458,0
GPL5,459,0
GPL5,460,0
GPL5,461,0
GPL5,462,0
GPL5,463,0
GPL5,464,0
GPL5,465,0
GPL5,466,0
GPL5,468,0
GPL5,469,0
GPL5,470,0
GPL5,471,0
GPL5,472,0
GPL5,473,0
GPL5,474,0
GPL5,475,0
GPL5,476,0
GPL5,478,0
GPL5,479,0
GPL5,480,0
GPL5,481,0
GPL5,482,0
GPL5,483,0
GPL5,484,0
GPL5,485,0
GPL5,486,0
GPL5,487,0
GPL5,488,0
GPL5,490,0
GPL5,491,0
GPL5,493,0
GPL5,494,0
GPL5,495,0
GPL5,496,0
GPL5,497,0
GPL5,498,0
GPL5,499,0
GPL5,500,0
GPL5,502,0
GPL5,503,0
GPL5,504,0
GPL5,505,0
GPL5,506,0
GPL5,507,0
GPL5,508,0
GPL5,510,0
GPL5,511,0
GPL5,512,0
GPL5,513,0
GPL5,514,0
GPL5,515,0
GPL5,516,0
GPL5,517,0
GPL5,518,0
GPL5,519,0
GPL5,520,0
GPL5,521,0
GPL5,523,0
GPL5,524,0
GPL5,525,0
GPL5,526,0
GPL5,527,0
GPL5,528,0
GPL5,529,0
GPL5,530,0
GPL5,531,0
GPL5,532,0
GPL5,533,0
GPL5,534,0
GPL5,535,0
GPL5,536,0
GPL5,537,0
GPL5,538,0
GPL5,539,0
GPL5,540,0
GPL5,541,0
GPL5,543,0
GPL5,544,0
GPL5,545,0
GPL5,546,0
GPL5,547,0
GPL5,548,0
GPL5,549,0
GPL5,550,0
GPL5,551,0
GPL5,552,0
GPL5,553,0
GPL5,554,0
GPL5,556,0
GPL5,558,0
GPL5,560,0
GPL5,561,0
GPL5,562,0
GPL5,564,0
GPL5,566,0
GPL5,567,0
GPL5,568,0
GPL5,569,0
GPL5,570,0
GPL5,571,0
GPL5,572,0
GPL5,573,0
GPL5,574,0
GPL5,575,0
GPL5,576,0
GPL5,577,0
GPL5,578,0
GPL5,579,0
GPL5,580,0
GPL5,581,0
GPL5,582,0
GPL5,583,0
GPL5,584,0
GPL5,585,0
GPL5,586,0
GPL5,587,0
GPL5,588,0
GPL5,589,0
GPL5,590,0
GPL5,591,0
GPL5,592,0
GPL5,593,0
GPL5,594,0
GPL5,595,0
GPL5,596,0
GPL5,598,0
GPL5,599,0
GPL5,600,0
GPL5,601,0
GPL5,602,0
GPL5,603,0
GPL5,604,0
GPL5,605,0
GPL5,607,0
GPL5,608,0
GPL5,609,0
GPL5,610,0
GPL5,611,0
GPL5,612,0
GPL5,613,0
GPL5,614,0
GPL5,615,0
GPL5,616,0
GPL5,617,0
GPL5,618,0
GPL5,619,0
GPL5,620,0
GPL5,621,0
GPL5,622,0
GPL5,623,0
GPL5,624,0
GPL5,625,0
GPL5,626,0
GPL5,627,0
GPL5,628,0
GPL5,629,0
GPL5,630,0
GPL5,631,0
GPL5,632,0
GPL5,633,0
GPL5,634,0
GPL5,635,0
GPL5,636,0
GPL5,637,0
GPL5,638,0
GPL5,639,0
GPL5,640,0
GPL5,641,0
GPL5,642,0
GPL5,643,0
GPL5,644,0
GPL5,645,0
GPL5,646,0
GPL5,647,0
GPL5,648,0
GPL5,649,0
GPL5,650,0
GPL5,651,0
GPL5,652,0
GPL5,653,0
GPL5,654,0
GPL5,655,0
GPL5,656,0
GPL5,657,0
GPL5,658,0
GPL5,659,0
GPL5,660,0
GPL5,661,0
GPL5,662,0
GPL5,663,0
GPL5,664,0
GPL5,665,0
GPL5,666,0
GPL5,667,0
GPL5,668,0
GPL5,669,0
GPL5,671,0
GPL5,672,0
GPL5,673,0
GPL5,674,0
GPL5,675,0
GPL5,676,0
GPL5,677,0
GPL5,678,0
GPL5,679,0
GPL5,680,0
GPL5,681,0
GPL5,682,0
GPL5,683,0
GPL5,684,0
GPL5,685,0
GPL5,686,0
GPL5,687,0
GPL5,688,0
GPL5,689,0
GPL5,690,0
GPL5,691,0
GPL5,692,0
GPL5,693,0
GPL5,694,0
GPL5,695,0
GPL5,696,0
GPL5,697,0
GPL5,698,0
GPL5,699,0
GPL5,700,0
GPL5,701,0
GPL5,702,0
GPL5,703,0
GPL5,704,0
GPL5,705,0
GPL5,706,0
GPL5,707,0
GPL5,708,0
GPL5,709,0
GPL5,710,0
GPL5,711,0
GPL5,712,0
GPL5,713,0
GPL5,714,0
GPL5,715,0
GPL5,716,0
GPL5,717,0
GPL5,718,0
GPL5,719,0
GPL5,721,0
GPL5,722,0
GPL5,723,0
GPL5,724,0
GPL5,725,0
GPL5,726,0
GPL5,727,0
GPL5,728,0
GPL5,729,0
GPL5,730,0
GPL5,731,0
GPL5,732,0
GPL5,734,0
GPL5,735,0
GPL5,736,0
GPL5,737,0
GPL5,738,0
GPL5,739,0
GPL5,740,0
GPL5,741,0
GPL5,742,0
GPL5,743,0
GPL5,744,0
GPL5,745,0
GPL5,746,0
GPL5,747,0
GPL5,748,0
GPL5,749,0
GPL5,750,0
GPL5,751,0
GPL5,752,0
GPL5,753,0
GPL5,754,0
GPL5,755,0
GPL5,756,0
GPL5,757,0
GPL5,758,0
GPL5,759,0
GPL5,760,0
GPL5,761,0
GPL5,762,0
GPL5,763,0
GPL5,764,0
GPL5,765,0
GPL5,766,0
GPL5,767,0
GPL5,768,0
GPL5,769,0
GPL5,770,0
GPL5,771,0
GPL5,772,0
GPL5,773,0
GPL5,774,0
GPL5,775,0
GPL5,776,0
GPL5,777,0
GPL5,778,0
GPL5,779,0
GPL5,780,0
GPL5,781,0
GPL5,782,0
GPL5,783,0
GPL5,784,0
GPL5,785,0
GPL5,786,0
GPL5,787,0
GPL5,788,0
GPL5,789,0
GPL5,790,0
GPL5,791,0
GPL5,792,0
GPL5,793,0
GPL5,794,0
GPL5,795,0
GPL5,796,0
GPL5,797,0
GPL5,798,0
GPL5,799,0
GPL5,800,0
GPL5,801,0
GPL5,803,0
GPL5,804,0
GPL5,805,0
GPL5,806,0
GPL5,807,0
GPL5,808,0
GPL5,809,0
GPL5,810,0
GPL5,811,0
GPL5,812,0
GPL5,813,0
GPL5,815,0
GPL5,816,0
GPL5,817,0
GPL5,818,0
GPL5,819,0
GPL5,820,0
GPL5,821,0
GPL5,822,0
GPL5,823,0
GPL5,824,0
GPL5,825,0
GPL5,827,0
GPL5,828,0
GPL5,829,0
GPL5,830,0
GPL5,831,0
GPL5,832,0
GPL5,833,0
GPL5,834,0
GPL5,835,0
GPL5,836,0
GPL5,837,0
GPL5,839,0
GPL5,840,0
GPL5,841,0
GPL5,842,0
GPL5,843,0
GPL5,844,0
GPL5,845,0
GPL5,846,0
GPL5,847,0
GPL5,848,0
GPL5,849,0
GPL5,850,0
GPL5,851,0
GPL5,852,0
GPL5,853,0
GPL5,854,0
GPL5,855,0
GPL5,856,0
GPL5,857,0
GPL5,858,0
GPL5,859,0
GPL5,860,0
GPL5,861,0
GPL5,862,0
GPL5,864,0
GPL5,865,0
GPL5,866,0
GPL5,867,0
GPL5,868,0
GPL5,869,0
GPL5,870,0
GPL5,871,0
GPL5,873,0
GPL5,874,0
GPL5,875,0
GPL5,876,0
GPL5,877,0
GPL5,878,0
GPL5,879,0
GPL5,880,0
GPL5,881,0
GPL5,882,0
GPL5,883,0
GPL5,885,0
GPL5,886,0
GPL5,887,0
GPL5,888,0
GPL5,889,0
GPL5,891,0
GPL5,892,0
GPL5,893,0
GPL5,894,0
GPL5,895,0
GPL5,897,0
GPL5,898,0
GPL5,899,0
GPL5,900,0
GPL5,901,0
GPL5,902,0
GPL5,903,0
GPL5,904,0
GPL5,905,0
GPL5,906,0
GPL5,907,0
GPL5,908,0
GPL5,909,0
GPL5,911,0
GPL5,912,0
GPL5,913,0
GPL5,914,0
GPL5,915,0
GPL5,916,0
GPL5,917,0
GPL5,918,0
GPL5,919,0
GPL5,921,0
GPL5,922,0
GPL5,923,0
GPL5,924,0
GPL5,925,0
GPL5,926,0
GPL5,927,0
GPL5,928,0
GPL5,930,0
GPL5,931,0
GPL5,932,0
GPL5,934,0
GPL5,935,0
GPL5,936,0
GPL5,937,0
GPL5,938,0
GPL5,939,0
GPL5,940,0
GPL5,941,0
GPL5,943,0
GPL5,944,0
GPL5,946,0
GPL5,947,0
GPL5,948,0
GPL5,949,0
GPL5,952,0
GPL5,953,0
GPL5,954,0
GPL5,955,0
GPL5,956,0
GPL5,958,0
GPL5,959,0
GPL5,960,0
GPL5,961,0
GPL5,962,0
GPL5,963,0
GPL5,964,0
GPL5,965,0
GPL5,968,0
GPL5,970,0
GPL5,971,0
GPL5,972,0
GPL5,973,0
GPL5,975,0
GPL5,976,0
GPL5,977,0
GPL5,978,0
GPL5,979,0
GPL5,980,0
GPL5,981,0
GPL5,982,0
GPL5,984,0
GPL5,985,0
GPL5,986,0
GPL5,987,0
GPL5,988,0
GPL5,989,0
GPL5,990,0
GPL5,991,0
GPL5,992,0
GPL5,993,0
GPL5,994,0
GPL5,995,0
GPL5,997,0
GPL5,999,0
GPL5,1000,0
GPL5,1001,0
GPL5,1002,0
GPL5,1003,0
GPL5,1004,0
GPL5,1005,0
GPL5,1008,0
GPL5,1009,0
GPL5,1010,0
GPL5,1011,0
GPL5,1012,0
GPL5,1013,0
GPL5,1014,0
GPL5,1015,0
GPL5,1016,0
GPL5,1017,0
GPL5,1018,0
GPL5,1019,0
GPL5,1020,0
GPL5,1021,0
GPL5,1022,0
GPL5,1023,0
GPL5,1024,0
GPL5,1025,0
GPL5,1026,0
GPL5,1027,0
GPL5,1029,0
GPL5,1031,0
GPL5,1032,0
GPL5,1034,0
GPL5,1035,0
GPL5,1036,0
GPL5,1037,0
GPL5,1038,0
GPL5,1039,0
GPL5,1040,0
GPL5,1041,0
GPL5,1042,0
GPL5,1043,0
GPL5,1044,0
GPL5,1045,0
GPL5,1046,0
GPL5,1047,0
GPL5,1048,0
GPL5,1049,0
GPL5,1050,0
GPL5,1051,0
GPL5,1054,0
GPL5,1055,0
GPL5,1056,0
GPL5,1057,0
GPL5,1058,0
GPL5,1059,0
GPL5,1060,0
GPL5,1061,0
GPL5,1062,0
GPL5,1063,0
GPL5,1064,0
GPL5,1066,0
GPL5,1067,0
GPL5,1068,0
GPL5,1069,0
GPL5,1070,0
GPL5,1071,0
GPL5,1072,0
GPL5,1073,0
GPL5,1074,0
GPL5,1075,0
GPL5,1076,0
GPL5,1077,0
GPL5,1078,0
GPL5,1079,0
GPL5,1080,0
GPL5,1081,0
GPL5,1082,0
GPL5,1083,0
GPL5,1084,0
GPL5,1085,0
GPL5,1086,0
GPL5,1087,0
GPL5,1088,0
GPL5,1089,0
GPL5,1090,0
GPL5,1091,0
GPL5,1092,0
GPL5,1093,0
GPL5,1094,0
GPL5,1095,0
GPL5,1096,0
GPL5,1097,0
GPL5,1098,0
GPL5,1099,0
GPL5,1100,0
GPL5,1101,0
GPL5,1102,0
GPL5,1103,0
GPL5,1104,0
GPL5,1105,0
GPL5,1106,0
GPL5,1107,0
GPL5,1108,0
GPL5,1109,0
GPL5,1110,0
GPL5,1111,0
GPL5,1112,0
GPL5,1113,0
GPL5,1114,0
GPL5,1115,0
GPL5,1116,0
GPL5,1117,0
GPL5,1118,0
GPL5,1119,0
GPL5,1120,0
GPL5,1123,0
GPL5,1124,0
GPL5,1125,0
GPL5,1126,0
GPL5,1127,0
GPL5,1128,0
GPL5,1129,0
GPL5,1130,0
GPL5,1131,0
GPL5,1132,0
GPL5,1133,0
GPL5,1134,0
GPL5,1135,0
GPL5,1136,0
GPL5,1137,0
GPL5,1138,0
GPL5,1139,0
GPL5,1140,0
GPL5,1141,0
GPL5,1142,0
GPL5,1143,0
GPL5,1144,0
GPL5,1145,0
GPL5,1146,0
GPL5,1147,0
GPL5,1148,0
GPL5,1149,0
GPL5,1151,0
GPL5,1152,0
GPL5,1153,0
GPL5,1154,0
GPL5,1155,0
GPL5,1156,0
GPL5,1157,0
GPL5,1158,0
GPL5,1159,0
GPL5,1160,0
GPL5,1161,0
GPL5,1162,0
GPL5,1164,0
GPL5,1165,0
GPL5,1166,0
GPL5,1167,0
GPL5,1168,0
GPL5,1170,0
GPL5,1171,0
GPL5,1172,0
GPL5,1173,0
GPL5,1174,0
GPL5,1176,0
GPL5,1177,0
GPL5,1178,0
GPL5,1179,0
GPL5,1180,0
GPL5,1181,0
GPL5,1182,0
GPL5,1183,0
GPL5,1184,0
GPL5,1185,0
GPL5,1186,0
GPL5,1188,0
GPL5,1189,0
GPL5,1190,0
GPL5,1191,0
GPL5,1192,0
GPL5,1193,0
GPL5,1194,0
GPL5,1195,0
GPL5,1197,0
GPL5,1198,0
GPL5,1200,0
GPL5,1201,0
GPL5,1202,0
GPL5,1203,0
GPL5,1204,0
GPL5,1205,0
GPL5,1206,0
GPL5,1207,0
GPL5,1209,0
GPL5,1210,0
GPL5,1212,0
GPL5,1213,0
GPL5,1214,0
GPL5,1215,0
GPL5,1217,0
GPL5,1218,0
GPL5,1219,0
GPL5,1220,0
GPL5,1221,0
GPL5,1222,0
GPL5,1224,0
GPL5,1225,0
GPL5,1226,0
GPL5,1228,0
GPL5,1230,0
GPL5,1231,0
GPL5,1232,0
GPL5,1233,0
GPL5,1234,0
GPL5,1235,0
GPL5,1236,0
GPL5,1237,0
GPL5,1239,0
GPL5,1240,0
GPL5,1242,0
GPL5,1243,0
GPL5,1244,0
GPL5,1245,0
GPL5,1246,0
GPL5,1247,0
GPL5,1248,0
GPL5,1249,0
GPL5,1251,0
GPL5,1252,0
GPL5,1253,0
GPL5,1254,0
GPL5,1256,0
GPL5,1257,0
GPL5,1258,0
GPL5,1259,0
GPL5,1260,0
GPL5,1261,0
GPL5,1262,0
GPL5,1263,0
GPL5,1264,0
GPL5,1268,0
GPL5,1269,0
GPL5,1270,0
GPL5,1271,0
GPL5,1272,0
GPL5,1273,0
GPL5,1275,0
GPL5,1276,0
GPL5,1277,0
GPL5,1278,0
GPL5,1279,0
GPL5,1280,0
GPL5,1281,0
GPL5,1282,0
GPL5,1283,0
GPL5,1284,0
GPL5,1285,0
GPL5,1287,0
GPL5,1288,0
GPL5,1289,0
GPL5,1290,0
GPL5,1292,0
GPL5,1293,0
GPL5,1294,0
GPL5,1295,0
GPL5,1296,0
GPL5,1297,0
GPL5,1298,0
GPL5,1299,0
GPL5,1300,0
GPL5,1301,0
GPL5,1302,0
GPL5,1303,0
GPL5,1304,0
GPL5,1305,0
GPL5,1308,0
GPL5,1309,0
GPL5,1310,0
GPL5,1311,0
GPL5,1312,0
GPL5,1313,0
GPL5,1314,0
GPL5,1315,0
GPL5,1316,0
GPL5,1317,0
GPL5,1320,0
GPL5,1321,0
GPL5,1322,0
GPL5,1323,0
GPL5,1324,0
GPL5,1325,0
GPL5,1326,0
GPL5,1327,0
GPL5,1328,0
GPL5,1329,0
GPL5,1332,0
GPL5,1333,0
GPL5,1334,0
GPL5,1335,0
GPL5,1336,0
GPL5,1337,0
GPL5,1338,0
GPL5,1339,0
GPL5,1340,0
GPL5,1341,0
GPL5,1344,0
GPL5,1345,0
GPL5,1346,0
GPL5,1347,0
GPL5,1348,0
GPL5,1349,0
GPL5,1350,0
GPL5,1351,0
GPL5,1352,0
GPL5,1353,0
GPL5,1356,0
GPL5,1357,0
GPL5,1358,0
GPL5,1359,0
GPL5,1360,0
GPL5,1361,0
GPL5,1362,0
GPL5,1363,0
GPL5,1364,0
GPL5,1365,0
GPL5,1368,0
GPL5,1371,0
GPL5,1373,0
GPL5,1375,0
GPL5,1376,0
GPL5,1377,0
GPL5,1378,0
GPL5,1379,0
GPL5,1380,0
GPL5,1382,0
GPL5,1384,0
GPL5,1385,0
GPL5,1387,0
GPL5,1388,0
GPL5,1389,0
GPL5,1390,0
GPL5,1391,0
GPL5,1392,0
GPL5,1393,0
GPL5,1394,0
GPL5,1395,0
GPL5,1397,0
GPL5,1398,0
GPL5,1399,0
GPL5,1400,0
GPL5,1402,0
GPL5,1403,0
GPL5,1404,0
GPL5,1405,0
GPL5,1406,0
GPL5,1407,0
GPL5,1408,0
GPL5,1409,0
GPL5,1410,0
GPL5,1411,0
GPL5,1412,0
GPL5,1413,0
GPL5,1414,0
GPL5,1415,0
GPL5,1416,0
GPL5,1417,0
GPL5,1418,0
GPL5,1419,0
GPL5,1420,0
GPL5,1422,0
GPL5,1423,0
GPL5,1424,0
GPL5,1425,0
GPL5,1426,0
GPL5,1427,0
GPL5,1428,0
GPL5,1429,0
GPL5,1430,0
GPL5,1431,0
GPL5,1434,0
GPL5,1436,0
GPL5,1437,0
GPL5,1438,0
GPL5,1439,0
GPL5,1440,0
GPL5,1441,0
GPL5,1442,0
GPL5,1444,0
GPL5,1445,0
GPL5,1446,0
GPL5,1447,0
GPL5,1448,0
GPL5,1449,0
GPL5,1450,0
GPL5,1452,0
GPL5,1453,0
GPL5,1454,0
GPL5,1455,0
GPL5,1456,0
GPL5,1457,0
GPL5,1458,0
GPL5,1459,0
GPL5,1460,0
GPL5,1461,0
GPL5,1462,0
GPL5,1464,0
GPL5,1465,0
GPL5,1466,0
GPL5,1467,0
GPL5,1468,0
GPL5,1469,0
GPL5,1470,0
GPL5,1471,0
GPL5,1472,0
GPL5,1473,0
GPL5,1474,0
GPL5,1476,0
GPL5,1477,0
GPL5,1479,0
GPL5,1480,0
GPL5,1481,0
GPL5,1483,0
GPL5,1484,0
GPL5,1485,0
GPL5,1486,0
GPL5,1488,0
GPL5,1489,0
GPL5,1490,0
GPL5,1491,0
GPL5,1492,0
GPL5,1493,0
GPL5,1494,0
GPL5,1495,0
GPL5,1496,0
GPL5,1497,0
GPL5,1498,0
GPL5,1500,0
GPL5,1501,0
GPL5,1502,0
GPL5,1503,0
GPL5,1504,0
GPL5,1505,0
GPL5,1506,0
GPL5,1507,0
GPL5,1508,0
GPL5,1509,0
GPL5,1510,0
GPL5,1512,0
GPL5,1513,0
GPL5,1514,0
GPL5,1515,0
GPL5,1516,0
GPL5,1517,0
GPL5,1518,0
GPL5,1519,0
GPL5,1520,0
GPL5,1521,0
GPL5,1522,0
GPL5,1523,0
GPL5,1524,0
GPL5,1526,0
GPL5,1528,0
GPL5,1529,0
GPL5,1530,0
GPL5,1532,0
GPL5,1533,0
GPL5,1534,0
GPL5,1535,0
GPL5,1536,0
GPL5,1537,0
GPL5,1539,0
GPL5,1540,0
GPL5,1542,0
GPL5,1543,0
GPL5,1544,0
GPL5,1545,0
GPL5,1546,0
GPL5,1547,0
GPL5,1548,0
GPL5,1549,0
GPL5,1552,0
GPL5,1554,0
GPL5,1555,0
GPL5,1556,0
GPL5,1557,0
GPL5,1558,0
GPL5,1559,0
GPL5,1560,0
GPL5,1561,0
GPL5,1563,0
GPL5,1564,0
GPL5,1566,0
GPL5,1568,0
GPL5,1569,0
GPL5,1570,0
GPL5,1571,0
GPL5,1572,0
GPL5,1573,0
GPL5,1576,0
GPL5,1578,0
GPL5,1581,0
GPL5,1582,0
GPL5,1583,0
GPL5,1584,0
GPL5,1585,0
GPL5,1586,0
GPL5,1587,0
GPL5,1588,0
GPL5,1589,0
GPL5,1590,0
GPL5,1591,0
GPL5,1592,0
GPL5,1593,0
GPL5,1596,0
GPL5,1597,0
GPL5,1598,0
GPL5,1599,0
GPL5,1600,0
GPL5,1601,0
GPL5,1602,0
GPL5,1603,0
GPL5,1604,0
GPL5,1605,0
GPL5,1608,0
GPL5,1609,0
GPL5,1610,0
GPL5,1611,0
GPL5,1612,0
GPL5,1613,0
GPL5,1614,0
GPL5,1615,0
GPL5,1616,0
GPL5,1617,0
GPL5,1620,0
GPL5,1621,0
GPL5,1622,0
GPL5,1623,0
GPL5,1624,0
GPL5,1625,0
GPL5,1626,0
GPL5,1627,0
GPL5,1628,0
GPL5,1629,0
GPL5,1632,0
GPL5,1633,0
GPL5,1634,0
GPL5,1635,0
GPL5,1636,0
GPL5,1637,0
GPL5,1638,0
GPL5,1639,0
GPL5,1640,0
GPL5,1641,0
GPL5,1644,0
GPL5,1645,0
GPL5,1646,0
GPL5,1647,0
GPL5,1648,0
GPL5,1649,0
GPL5,1650,0
GPL5,1651,0
GPL5,1652,0
GPL5,1653,0
GPL5,1656,0
GPL5,1658,0
GPL5,1659,0
GPL5,1661,0
GPL5,1663,0
GPL5,1664,0
GPL5,1665,0
GPL5,1666,0
GPL5,1667,0
GPL5,1668,0
GPL5,1669,0
GPL5,1670,0
GPL5,1671,0
GPL5,1672,0
GPL5,1673,0
GPL5,1676,0
GPL5,1678,0
GPL5,1679,0
GPL5,1680,0
GPL5,1681,0
GPL5,1682,0
GPL5,1683,0
GPL5,1684,0
GPL5,1686,0
GPL5,1687,0
GPL5,1688,0
GPL5,1689,0
GPL5,1690,0
GPL5,1691,0
GPL5,1692,0
GPL5,1693,0
GPL5,1694,0
GPL5,1695,0
GPL5,1696,0
GPL5,1697,0
GPL5,1699,0
GPL5,1700,0
GPL5,1701,0
GPL5,1702,0
GPL5,1703,0
GPL5,1704,0
GPL5,1705,0
GPL5,1706,0
GPL5,1707,0
GPL5,1710,0
GPL5,1711,0
GPL5,1712,0
GPL5,1713,0
GPL5,1716,0
GPL5,1717,0
GPL5,1718,0
GPL5,1719,0
GPL5,1720,0
GPL5,1721,0
GPL5,1722,0
GPL5,1724,0
GPL5,1725,0
GPL5,1726,0
GPL5,1728,0
GPL5,1729,0
GPL5,1730,0
GPL5,1731,0
GPL5,1732,0
GPL5,1733,0
GPL5,1734,0
GPL5,1735,0
GPL5,1736,0
GPL5,1737,0
GPL5,1738,0
GPL5,1739,0
GPL5,1740,0
GPL5,1741,0
GPL5,1742,0
GPL5,1743,0
GPL5,1744,0
GPL5,1745,0
GPL5,1746,0
GPL5,1747,0
GPL5,1748,0
GPL5,1749,0
GPL5,1750,0
GPL5,1751,0
GPL5,1752,0
GPL5,1753,0
GPL5,1754,0
GPL5,1755,0
GPL5,1756,0
GPL5,1757,0
GPL5,1758,0
GPL5,1759,0
GPL5,1760,0
GPL5,1761,0
GPL5,1762,0
GPL5,1763,0
GPL5,1764,0
GPL5,1765,0
GPL5,1766,0
GPL5,1767,0
GPL5,1768,0
GPL5,1769,0
GPL5,1770,0
GPL5,1771,0
GPL5,1772,0
GPL5,1773,0
GPL5,1774,0
GPL5,1775,0
GPL5,1776,0
GPL5,1777,0
GPL5,1778,0
GPL5,1779,0
GPL5,1780,0
GPL5,1781,0
GPL5,1782,0
GPL5,1783,0
GPL5,1784,0
GPL5,1785,0
GPL5,1786,0
GPL5,1787,0
GPL5,1788,0
GPL5,1789,0
GPL5,1791,0
GPL5,1792,0
GPL5,1793,0
GPL5,1794,0
GPL5,1795,0
GPL5,1796,0
GPL5,1797,0
GPL5,1798,0
GPL5,1799,0
GPL5,1800,0
GPL5,1801,0
GPL5,1802,0
GPL5,1803,0
GPL5,1804,0
GPL5,1805,0
GPL5,1806,0
GPL5,1807,0
GPL5,1808,0
GPL5,1809,0
GPL5,1810,0
GPL5,1811,0
GPL5,1812,0
GPL5,1813,0
GPL5,1814,0
GPL5,1815,0
GPL5,1816,0
GPL5,1817,0
GPL5,1818,0
GPL5,1820,0
GPL5,1821,0
GPL5,1822,0
GPL5,1823,0
GPL5,1824,0
GPL5,1825,0
GPL5,1826,0
GPL5,1827,0
GPL5,1828,0
GPL5,1829,0
GPL5,1830,0
GPL5,1831,0
GPL5,1832,0
GPL5,1833,0
GPL5,1834,0
GPL5,1835,0
GPL5,1836,0
GPL5,1837,0
GPL5,1838,0
GPL5,1839,0
GPL5,1840,0
GPL5,1841,0
GPL5,1842,0
GPL5,1843,0
GPL5,1844,0
GPL5,1845,0
GPL5,1847,0
GPL5,1848,0
GPL5,1849,0
GPL5,1850,0
GPL5,1852,0
GPL5,1853,0
GPL5,1854,0
GPL5,1855,0
GPL5,1856,0
GPL5,1857,0
GPL5,1858,0
GPL5,1859,0
GPL5,1860,0
GPL5,1861,0
GPL5,1862,0
GPL5,1863,0
GPL5,1865,0
GPL5,1866,0
GPL5,1867,0
GPL5,1868,0
GPL5,1869,0
GPL5,1870,0
GPL5,1871,0
GPL5,1872,0
GPL5,1873,0
GPL5,1874,0
GPL5,1875,0
GPL5,1876,0
GPL5,1877,0
GPL5,1878,0
GPL5,1879,0
GPL5,1880,0
GPL5,1882,0
GPL5,1883,0
GPL5,1884,0
GPL5,1885,0
GPL5,1886,0
GPL5,1887,0
GPL5,1888,0
GPL5,1889,0
GPL5,1890,0
GPL5,1891,0
GPL5,1892,0
GPL5,1893,0
GPL5,1894,0
GPL5,1895,0
GPL5,1896,0
GPL5,1897,0
GPL5,1898,0
GPL5,1899,0
GPL5,1900,0
GPL5,1901,0
GPL5,1902,0
GPL5,1903,0
GPL5,1904,0
GPL5,1905,0
GPL5,1906,0
GPL5,1907,0
GPL5,1908,0
GPL5,1909,0
GPL5,1910,0
GPL5,1911,0
GPL5,1913,0
GPL5,1914,0
GPL5,1915,0
GPL5,1916,0
GPL5,1917,0
GPL5,1918,0
GPL5,1919,0
GPL5,1920,0
GPL5,1921,0
GPL5,1922,0
GPL5,1923,0
GPL5,1924,0
GPL5,1925,0
GPL5,1926,0
GPL5,1927,0
GPL5,1928,0
GPL5,1929,0
GPL5,1930,0
GPL5,1931,0
GPL5,1932,0
GPL5,1933,0
GPL5,1934,0
GPL5,1935,0
GPL5,1936,0
GPL5,1937,0
GPL5,1938,0
GPL5,1939,0
GPL5,1940,0
GPL5,1941,0
GPL5,1942,0
GPL5,1943,0
GPL5,1944,0
GPL5,1945,0
GPL5,1947,0
GPL5,1948,0
GPL5,1949,0
GPL5,1951,0
GPL5,1952,0
GPL5,1953,0
GPL5,1954,0
GPL5,1955,0
GPL5,1956,0
GPL5,1957,0
GPL5,1958,0
GPL5,1959,0
GPL5,1960,0
GPL5,1961,0
GPL5,1963,0
GPL5,1964,0
GPL5,1965,0
GPL5,1967,0
GPL5,1968,0
GPL5,1969,0
GPL5,1970,0
GPL5,1971,0
GPL5,1972,0
GPL5,1973,0
GPL5,1974,0
GPL5,1975,0
GPL5,1976,0
GPL5,1977,0
GPL5,1979,0
GPL5,1980,0
GPL5,1981,0
GPL5,1982,0
GPL5,1983,0
GPL5,1984,0
GPL5,1985,0
GPL5,1986,0
GPL5,1987,0
GPL5,1988,0
GPL5,1989,0
GPL5,1991,0
GPL5,1992,0
GPL5,1993,0
GPL5,1994,0
GPL5,1995,0
GPL5,1996,0
GPL5,1997,0
GPL5,1998,0
GPL5,1999,0
GPL5,2001,0
GPL5,2003,0
GPL5,2005,0
GPL5,2006,0
GPL5,2007,0
GPL5,2008,0
GPL5,2009,0
GPL5,2010,0
GPL5,2011,0
GPL5,2012,0
GPL5,2013,0
GPL5,2014,0
GPL5,2015,0
GPL5,2016,0
GPL5,2017,0
GPL5,2018,0
GPL5,2019,0
GPL5,2020,0
GPL5,2021,0
GPL5,2022,0
GPL5,2023,0
GPL5,2024,0
GPL5,2025,0
GPL5,2026,0
GPL5,2027,0
GPL5,2028,0
GPL5,2029,0
GPL5,2030,0
GPL5,2031,0
GPL5,2032,0
GPL5,2033,0
GPL5,2035,0
GPL5,2036,0
GPL5,2037,0
GPL5,2038,0
GPL5,2039,0
GPL5,2040,0
GPL5,2041,0
GPL5,2042,0
GPL5,2043,0
GPL5,2044,0
GPL5,2045,0
GPL5,2046,0
GPL5,2047,0
GPL5,2048,0
GPL5,2049,0
GPL5,2051,0
GPL5,2052,0
GPL5,2053,0
GPL5,2054,0
GPL5,2055,0
GPL5,2056,0
GPL5,2057,0
GPL5,2060,0
GPL5,2062,0
GPL5,2063,0
GPL5,2064,0
GPL5,2065,0
GPL5,2066,0
GPL5,2067,0
GPL5,2068,0
GPL5,2069,0
GPL5,2071,0
GPL5,2072,0
GPL5,2074,0
GPL5,2075,0
GPL5,2076,0
GPL5,2077,0
GPL5,2078,0
GPL5,2079,0
GPL5,2080,0
GPL5,2081,0
GPL5,2082,0
GPL5,2083,0
GPL5,2084,0
GPL5,2085,0
GPL5,2086,0
GPL5,2087,0
GPL5,2088,0
GPL5,2089,0
GPL5,2090,0
GPL5,2091,0
GPL5,2092,0
GPL5,2093,0
GPL5,2094,0
GPL5,2095,0
GPL5,2096,0
GPL5,2097,0
GPL5,2098,0
GPL5,2099,0
GPL5,2100,0
GPL5,2101,0
GPL5,2103,0
GPL5,2104,0
GPL5,2105,0
GPL5,2106,0
GPL5,2107,0
GPL5,2108,0
GPL5,2109,0
GPL5,2110,0
GPL5,2111,0
GPL5,2112,0
GPL5,2113,0
GPL5,2115,0
GPL5,2116,0
GPL5,2117,0
GPL5,2119,0
GPL5,2120,0
GPL5,2121,0
GPL5,2122,0
GPL5,2124,0
GPL5,2125,0
GPL5,2127,0
GPL5,2128,0
GPL5,2129,0
GPL5,2130,0
GPL5,2131,0
GPL5,2133,0
GPL5,2134,0
GPL5,2136,0
GPL5,2137,0
GPL5,2138,0
GPL5,2139,0
GPL5,2140,0
GPL5,2141,0
GPL5,2142,0
GPL5,2143,0
GPL5,2144,0
GPL5,2145,0
GPL5,2148,0
GPL5,2149,0
GPL5,2150,0
GPL5,2151,0
GPL5,2152,0
GPL5,2154,0
GPL5,2155,0
GPL5,2156,0
GPL5,2157,0
GPL5,2158,0
GPL5,2160,0
GPL5,2161,0
GPL5,2162,0
GPL5,2163,0
GPL5,2164,0
GPL5,2165,0
GPL5,2166,0
GPL5,2167,0
GPL5,2168,0
GPL5,2169,0
GPL5,2170,0
GPL5,2171,0
GPL5,2172,0
GPL5,2173,0
GPL5,2174,0
GPL5,2175,0
GPL5,2176,0
GPL5,2177,0
GPL5,2178,0
GPL5,2179,0
GPL5,2180,0
GPL5,2181,0
GPL5,2182,0
GPL5,2183,0
GPL5,2184,0
GPL5,2185,0
GPL5,2186,0
GPL5,2187,0
GPL5,2188,0
GPL5,2189,0
GPL5,2190,0
GPL5,2191,0
GPL5,2192,0
GPL5,2193,0
GPL5,2194,0
GPL5,2196,0
GPL5,2197,0
GPL5,2198,0
GPL5,2199,0
GPL5,2200,0
GPL5,2201,0
GPL5,2202,0
GPL5,2203,0
GPL5,2204,0
GPL5,2206,0
GPL5,2207,0
GPL5,2208,0
GPL5,2209,0
GPL5,2210,0
GPL5,2211,0
GPL5,2212,0
GPL5,2213,0
GPL5,2214,0
GPL5,2215,0
GPL5,2216,0
GPL5,2218,0
GPL5,2219,0
GPL5,2221,0
GPL5,2222,0
GPL5,2223,0
GPL5,2224,0
GPL5,2225,0
GPL5,2226,0
GPL5,2227,0
GPL5,2228,0
GPL5,2230,0
GPL5,2231,0
GPL5,2232,0
GPL5,2233,0
GPL5,2234,0
GPL5,2235,0
GPL5,2236,0
GPL5,2238,0
GPL5,2239,0
GPL5,2240,0
GPL5,2241,0
GPL5,2242,0
GPL5,2243,0
GPL5,2244,0
GPL5,2245,0
GPL5,2246,0
GPL5,2247,0
GPL5,2248,0
GPL5,2249,0
GPL5,2251,0
GPL5,2252,0
GPL5,2253,0
GPL5,2254,0
GPL5,2255,0
GPL5,2256,0
GPL5,2257,0
GPL5,2258,0
GPL5,2259,0
GPL5,2260,0
GPL5,2261,0
GPL5,2262,0
GPL5,2263,0
GPL5,2264,0
GPL5,2265,0
GPL5,2266,0
GPL5,2267,0
GPL5,2268,0
GPL5,2269,0
GPL5,2271,0
GPL5,2272,0
GPL5,2273,0
GPL5,2274,0
GPL5,2275,0
GPL5,2276,0
GPL5,2277,0
GPL5,2278,0
GPL5,2279,0
GPL5,2280,0
GPL5,2281,0
GPL5,2282,0
GPL5,2284,0
GPL5,2286,0
GPL5,2288,0
GPL5,2289,0
GPL5,2290,0
GPL5,2292,0
GPL5,2294,0
GPL5,2295,0
GPL5,2296,0
GPL5,2297,0
GPL5,2298,0
GPL5,2299,0
GPL5,2300,0
GPL5,2301,0
GPL5,2302,0
GPL5,2303,0
GPL5,2304,0
GPL5,2305,0
GPL5,2306,0
GPL5,2307,0
GPL5,2308,0
GPL5,2309,0
GPL5,2310,0
GPL5,2311,0
GPL5,2312,0
GPL5,2313,0
GPL5,2314,0
GPL5,2315,0
GPL5,2316,0
GPL5,2317,0
GPL5,2318,0
GPL5,2319,0
GPL5,2320,0
GPL5,2321,0
GPL5,2322,0
GPL5,2323,0
GPL5,2324,0
GPL5,2326,0
GPL5,2327,0
GPL5,2328,0
GPL5,2329,0
GPL5,2330,0
GPL5,2331,0
GPL5,2332,0
GPL5,2333,0
GPL5,2335,0
GPL5,2336,0
GPL5,2337,0
GPL5,2338,0
GPL5,2339,0
GPL5,2340,0
GPL5,2341,0
GPL5,2342,0
GPL5,2343,0
GPL5,2344,0
GPL5,2345,0
GPL5,2346,0
GPL5,2347,0
GPL5,2348,0
GPL5,2349,0
GPL5,2350,0
GPL5,2351,0
GPL5,2352,0
GPL5,2353,0
GPL5,2354,0
GPL5,2355,0
GPL5,2356,0
GPL5,2357,0
GPL5,2358,0
GPL5,2359,0
GPL5,2360,0
GPL5,2361,0
GPL5,2362,0
GPL5,2363,0
GPL5,2364,0
GPL5,2365,0
GPL5,2366,0
GPL5,2367,0
GPL5,2368,0
GPL5,2369,0
GPL5,2370,0
GPL5,2371,0
GPL5,2372,0
GPL5,2373,0
GPL5,2374,0
GPL5,2375,0
GPL5,2376,0
GPL5,2377,0
GPL5,2378,0
GPL5,2379,0
GPL5,2380,0
GPL5,2381,0
GPL5,2382,0
GPL5,2383,0
GPL5,2384,0
GPL5,2385,0
GPL5,2386,0
GPL5,2387,0
GPL5,2388,0
GPL5,2389,0
GPL5,2390,0
GPL5,2391,0
GPL5,2392,0
GPL5,2393,0
GPL5,2394,0
GPL5,2395,0
GPL5,2396,0
GPL5,2397,0
GPL5,2399,0
GPL5,2400,0
GPL5,2401,0
GPL5,2402,0
GPL5,2403,0
GPL5,2404,0
GPL5,2405,0
GPL5,2406,0
GPL5,2407,0
GPL5,2408,0
GPL5,2409,0
GPL5,2410,0
GPL5,2411,0
GPL5,2412,0
GPL5,2413,0
GPL5,2414,0
GPL5,2415,0
GPL5,2416,0
GPL5,2417,0
GPL5,2418,0
GPL5,2419,0
GPL5,2420,0
GPL5,2421,0
GPL5,2422,0
GPL5,2423,0
GPL5,2424,0
GPL5,2425,0
GPL5,2426,0
GPL5,2427,0
GPL5,2428,0
GPL5,2429,0
GPL5,2430,0
GPL5,2431,0
GPL5,2432,0
GPL5,2433,0
GPL5,2434,0
GPL5,2435,0
GPL5,2436,0
GPL5,2437,0
GPL5,2438,0
GPL5,2439,0
GPL5,2440,0
GPL5,2441,0
GPL5,2442,0
GPL5,2443,0
GPL5,2444,0
GPL5,2445,0
GPL5,2446,0
GPL5,2447,0
GPL5,2449,0
GPL5,2450,0
GPL5,2451,0
GPL5,2452,0
GPL5,2453,0
GPL5,2454,0
GPL5,2455,0
GPL5,2456,0
GPL5,2457,0
GPL5,2458,0
GPL5,2459,0
GPL5,2460,0
GPL5,2462,0
GPL5,2463,0
GPL5,2464,0
GPL5,2465,0
GPL5,2466,0
GPL5,2467,0
GPL5,2468,0
GPL5,2469,0
GPL5,2470,0
GPL5,2471,0
GPL5,2472,0
GPL5,2473,0
GPL5,2474,0
GPL5,2475,0
GPL5,2476,0
GPL5,2477,0
GPL5,2478,0
GPL5,2479,0
GPL5,2480,0
GPL5,2481,0
GPL5,2482,0
GPL5,2483,0
GPL5,2484,0
GPL5,2485,0
GPL5,2486,0
GPL5,2487,0
GPL5,2488,0
GPL5,2489,0
GPL5,2490,0
GPL5,2491,0
GPL5,2492,0
GPL5,2493,0
GPL5,2494,0
GPL5,2495,0
GPL5,2496,0
GPL5,2497,0
GPL5,2498,0
GPL5,2499,0
GPL5,2500,0
GPL5,2501,0
GPL5,2502,0
GPL5,2503,0
GPL5,2504,0
GPL5,2505,0
GPL5,2506,0
GPL5,2507,0
GPL5,2508,0
GPL5,2509,0
GPL5,2510,0
GPL5,2511,0
GPL5,2512,0
GPL5,2513,0
GPL5,2514,0
GPL5,2515,0
GPL5,2516,0
GPL5,2517,0
GPL5,2518,0
GPL5,2519,0
GPL5,2520,0
GPL5,2521,0
GPL5,2522,0
GPL5,2523,0
GPL5,2524,0
GPL5,2525,0
GPL5,2526,0
GPL5,2527,0
GPL5,2528,0
GPL5,2529,0
GPL5,2531,0
GPL5,2532,0
GPL5,2533,0
GPL5,2534,0
GPL5,2535,0
GPL5,2536,0
GPL5,2537,0
GPL5,2538,0
GPL5,2539,0
GPL5,2540,0
GPL5,2541,0
GPL5,2543,0
GPL5,2544,0
GPL5,2545,0
GPL5,2546,0
GPL5,2547,0
GPL5,2548,0
GPL5,2549,0
GPL5,2550,0
GPL5,2551,0
GPL5,2552,0
GPL5,2553,0
GPL5,2555,0
GPL5,2556,0
GPL5,2557,0
GPL5,2558,0
GPL5,2559,0
GPL5,2560,0
GPL5,2561,0
GPL5,2562,0
GPL5,2563,0
GPL5,2564,0
GPL5,2565,0
GPL5,2567,0
GPL5,2568,0
GPL5,2569,0
GPL5,2570,0
GPL5,2571,0
GPL5,2572,0
GPL5,2573,0
GPL5,2574,0
GPL5,2575,0
GPL5,2576,0
GPL5,2577,0
GPL5,2578,0
GPL5,2579,0
GPL5,2580,0
GPL5,2581,0
GPL5,2582,0
GPL5,2583,0
GPL5,2584,0
GPL5,2585,0
GPL5,2586,0
GPL5,2587,0
GPL5,2588,0
GPL5,2589,0
GPL5,2590,0
GPL5,2592,0
GPL5,2593,0
GPL5,2594,0
GPL5,2595,0
GPL5,2596,0
GPL5,2597,0
GPL5,2598,0
GPL5,2599,0
GPL5,2601,0
GPL5,2602,0
GPL5,2603,0
GPL5,2604,0
GPL5,2605,0
GPL5,2606,0
GPL5,2607,0
GPL5,2608,0
GPL5,2609,0
GPL5,2610,0
GPL5,2611,0
GPL5,2613,0
GPL5,2614,0
GPL5,2615,0
GPL5,2616,0
GPL5,2617,0
GPL5,2619,0
GPL5,2620,0
GPL5,2621,0
GPL5,2622,0
GPL5,2623,0
GPL5,2625,0
GPL5,2626,0
GPL5,2627,0
GPL5,2628,0
GPL5,2629,0
GPL5,2630,0
GPL5,2631,0
GPL5,2632,0
GPL5,2633,0
GPL5,2634,0
GPL5,2635,0
GPL5,2636,0
GPL5,2637,0
GPL5,2639,0
GPL5,2640,0
GPL5,2641,0
GPL5,2642,0
GPL5,2643,0
GPL5,2644,0
GPL5,2645,0
GPL5,2646,0
GPL5,2647,0
GPL5,2649,0
GPL5,2650,0
GPL5,2651,0
GPL5,2652,0
GPL5,2653,0
GPL5,2654,0
GPL5,2655,0
GPL5,2656,0
GPL5,2658,0
GPL5,2659,0
GPL5,2660,0
GPL5,2662,0
GPL5,2663,0
GPL5,2664,0
GPL5,2665,0
GPL5,2666,0
GPL5,2667,0
GPL5,2668,0
GPL5,2669,0
GPL5,2671,0
GPL5,2672,0
GPL5,2674,0
GPL5,2675,0
GPL5,2676,0
GPL5,2677,0
GPL5,2680,0
GPL5,2681,0
GPL5,2682,0
GPL5,2683,0
GPL5,2684,0
GPL5,2686,0
GPL5,2687,0
GPL5,2688,0
GPL5,2689,0
GPL5,2690,0
GPL5,2691,0
GPL5,2692,0
GPL5,2693,0
GPL5,2696,0
GPL5,2698,0
GPL5,2699,0
GPL5,2700,0
GPL5,2701,0
GPL5,2703,0
GPL5,2704,0
GPL5,2705,0
GPL5,2706,0
GPL5,2707,0
GPL5,2708,0
GPL5,2709,0
GPL5,2710,0
GPL5,2712,0
GPL5,2713,0
GPL5,2714,0
GPL5,2715,0
GPL5,2716,0
GPL5,2717,0
GPL5,2718,0
GPL5,2719,0
GPL5,2720,0
GPL5,2721,0
GPL5,2722,0
GPL5,2723,0
GPL5,2725,0
GPL5,2727,0
GPL5,2728,0
GPL5,2729,0
GPL5,2730,0
GPL5,2731,0
GPL5,2732,0
GPL5,2733,0
GPL5,2736,0
GPL5,2737,0
GPL5,2738,0
GPL5,2739,0
GPL5,2740,0
GPL5,2741,0
GPL5,2742,0
GPL5,2743,0
GPL5,2744,0
GPL5,2745,0
GPL5,2746,0
GPL5,2747,0
GPL5,2748,0
GPL5,2749,0
GPL5,2750,0
GPL5,2751,0
GPL5,2752,0
GPL5,2753,0
GPL5,2754,0
GPL5,2755,0
GPL5,2757,0
GPL5,2759,0
GPL5,2760,0
GPL5,2762,0
GPL5,2763,0
GPL5,2764,0
GPL5,2765,0
GPL5,2766,0
GPL5,2767,0
GPL5,2768,0
GPL5,2769,0
GPL5,2770,0
GPL5,2771,0
GPL5,2772,0
GPL5,2773,0
GPL5,2774,0
GPL5,2775,0
GPL5,2776,0
GPL5,2777,0
GPL5,2778,0
GPL5,2779,0
GPL5,2782,0
GPL5,2783,0
GPL5,2784,0
GPL5,2785,0
GPL5,2786,0
GPL5,2787,0
GPL5,2788,0
GPL5,2789,0
GPL5,2790,0
GPL5,2791,0
GPL5,2792,0
GPL5,2794,0
GPL5,2795,0
GPL5,2796,0
GPL5,2797,0
GPL5,2798,0
GPL5,2799,0
GPL5,2800,0
GPL5,2801,0
GPL5,2802,0
GPL5,2803,0
GPL5,2804,0
GPL5,2805,0
GPL5,2806,0
GPL5,2807,0
GPL5,2808,0
GPL5,2809,0
GPL5,2810,0
GPL5,2811,0
GPL5,2812,0
GPL5,2813,0
GPL5,2814,0
GPL5,2815,0
GPL5,2816,0
GPL5,2817,0
GPL5,2818,0
GPL5,2819,0
GPL5,2820,0
GPL5,2821,0
GPL5,2822,0
GPL5,2823,0
GPL5,2824,0
GPL5,2825,0
GPL5,2826,0
GPL5,2827,0
GPL5,2828,0
GPL5,2829,0
GPL5,2830,0
GPL5,2831,0
GPL5,2832,0
GPL5,2833,0
GPL5,2834,0
GPL5,2835,0
GPL5,2836,0
GPL5,2837,0
GPL5,2838,0
GPL5,2839,0
GPL5,2840,0
GPL5,2841,0
GPL5,2842,0
GPL5,2843,0
GPL5,2844,0
GPL5,2845,0
GPL5,2846,0
GPL5,2847,0
GPL5,2848,0
GPL5,2851,0
GPL5,2852,0
GPL5,2853,0
GPL5,2854,0
GPL5,2855,0
GPL5,2856,0
GPL5,2857,0
GPL5,2858,0
GPL5,2859,0
GPL5,2860,0
GPL5,2861,0
GPL5,2862,0
GPL5,2863,0
GPL5,2864,0
GPL5,2865,0
GPL5,2866,0
GPL5,2867,0
GPL5,2868,0
GPL5,2869,0
GPL5,2870,0
GPL5,2871,0
GPL5,2872,0
GPL5,2873,0
GPL5,2874,0
GPL5,2875,0
GPL5,2876,0
GPL5,2877,0
GPL5,2879,0
GPL5,2880,0
GPL5,2881,0
GPL5,2882,0
GPL5,2883,0
GPL5,2884,0
GPL5,2885,0
GPL5,2886,0
GPL5,2887,0
GPL5,2888,0
GPL5,2889,0
GPL5,2890,0
GPL5,2892,0
GPL5,2893,0
GPL5,2894,0
GPL5,2895,0
GPL5,2896,0
GPL5,2898,0
GPL5,2899,0
GPL5,2900,0
GPL5,2901,0
GPL5,2902,0
GPL5,2904,0
GPL5,2905,0
GPL5,2906,0
GPL5,2907,0
GPL5,2908,0
GPL5,2909,0
GPL5,2910,0
GPL5,2911,0
GPL5,2912,0
GPL5,2913,0
GPL5,2914,0
GPL5,2916,0
GPL5,2917,0
GPL5,2918,0
GPL5,2919,0
GPL5,2920,0
GPL5,2921,0
GPL5,2922,0
GPL5,2923,0
GPL5,2925,0
GPL5,2926,0
GPL5,2928,0
GPL5,2929,0
GPL5,2930,0
GPL5,2931,0
GPL5,2932,0
GPL5,2933,0
GPL5,2934,0
GPL5,2935,0
GPL5,2937,0
GPL5,2938,0
GPL5,2940,0
GPL5,2941,0
GPL5,2942,0
GPL5,2943,0
GPL5,2945,0
GPL5,2946,0
GPL5,2947,0
GPL5,2948,0
GPL5,2949,0
GPL5,2950,0
GPL5,2952,0
GPL5,2953,0
GPL5,2954,0
GPL5,2956,0
GPL5,2958,0
GPL5,2959,0
GPL5,2960,0
GPL5,2961,0
GPL5,2962,0
GPL5,2963,0
GPL5,2964,0
GPL5,2965,0
GPL5,2967,0
GPL5,2968,0
GPL5,2970,0
GPL5,2971,0
GPL5,2972,0
GPL5,2973,0
GPL5,2974,0
GPL5,2975,0
GPL5,2976,0
GPL5,2977,0
GPL5,2979,0
GPL5,2980,0
GPL5,2981,0
GPL5,2982,0
GPL5,2984,0
GPL5,2985,0
GPL5,2986,0
GPL5,2987,0
GPL5,2988,0
GPL5,2989,0
GPL5,2990,0
GPL5,2991,0
GPL5,2992,0
GPL5,2996,0
GPL5,2997,0
GPL5,2998,0
GPL5,2999,0
GPL5,3000,0
GPL5,3001,0
GPL5,3003,0
GPL5,3004,0
GPL5,3005,0
GPL5,3006,0
GPL5,3007,0
GPL5,3008,0
GPL5,3009,0
GPL5,3010,0
GPL5,3011,0
GPL5,3012,0
GPL5,3013,0
GPL5,3015,0
GPL5,3016,0
GPL5,3017,0
GPL5,3018,0
GPL5,3020,0
GPL5,3021,0
GPL5,3022,0
GPL5,3023,0
GPL5,3024,0
GPL5,3025,0
GPL5,3026,0
GPL5,3027,0
GPL5,3028,0
GPL5,3029,0
GPL5,3030,0
GPL5,3031,0
GPL5,3032,0
GPL5,3033,0
GPL5,3036,0
GPL5,3037,0
GPL5,3038,0
GPL5,3039,0
GPL5,3040,0
GPL5,3041,0
GPL5,3042,0
GPL5,3043,0
GPL5,3044,0
GPL5,3045,0
GPL5,3048,0
GPL5,3049,0
GPL5,3050,0
GPL5,3051,0
GPL5,3052,0
GPL5,3053,0
GPL5,3054,0
GPL5,3055,0
GPL5,3056,0
GPL5,3057,0
GPL5,3060,0
GPL5,3061,0
GPL5,3062,0
GPL5,3063,0
GPL5,3064,0
GPL5,3065,0
GPL5,3066,0
GPL5,3067,0
GPL5,3068,0
GPL5,3069,0
GPL5,3072,0
GPL5,3073,0
GPL5,3074,0
GPL5,3075,0
GPL5,3076,0
GPL5,3077,0
GPL5,3078,0
GPL5,3079,0
GPL5,3080,0
GPL5,3081,0
GPL5,3084,0
GPL5,3085,0
GPL5,3086,0
GPL5,3087,0
GPL5,3088,0
GPL5,3089,0
GPL5,3090,0
GPL5,3091,0
GPL5,3092,0
GPL5,3093,0
GPL5,3096,0
GPL5,3099,0
GPL5,3101,0
GPL5,3103,0
GPL5,3104,0
GPL5,3105,0
GPL5,3106,0
GPL5,3107,0
GPL5,3108,0
GPL5,3110,0
GPL5,3112,0
GPL5,3113,0
GPL5,3115,0
GPL5,3116,0
GPL5,3117,0
GPL5,3118,0
GPL5,3119,0
GPL5,3120,0
GPL5,3121,0
GPL5,3122,0
GPL5,3123,0
GPL5,3125,0
GPL5,3126,0
GPL5,3127,0
GPL5,3128,0
GPL5,3130,0
GPL5,3131,0
GPL5,3132,0
GPL5,3133,0
GPL5,3134,0
GPL5,3135,0
GPL5,3136,0
GPL5,3137,0
GPL5,3138,0
GPL5,3139,0
GPL5,3140,0
GPL5,3141,0
GPL5,3142,0
GPL5,3143,0
GPL5,3144,0
GPL5,3145,0
GPL5,3146,0
GPL5,3147,0
GPL5,3148,0
GPL5,3150,0
GPL5,3151,0
GPL5,3152,0
GPL5,3153,0
GPL5,3154,0
GPL5,3155,0
GPL5,3156,0
GPL5,3157,0
GPL5,3158,0
GPL5,3159,0
GPL5,3162,0
GPL5,3164,0
GPL5,3165,0
GPL5,3166,0
GPL5,3167,0
GPL5,3168,0
GPL5,3169,0
GPL5,3170,0
GPL5,3172,0
GPL5,3173,0
GPL5,3174,0
GPL5,3175,0
GPL5,3176,0
GPL5,3177,0
GPL5,3178,0
GPL5,3180,0
GPL5,3181,0
GPL5,3182,0
GPL5,3183,0
GPL5,3184,0
GPL5,3185,0
GPL5,3186,0
GPL5,3187,0
GPL5,3188,0
GPL5,3189,0
GPL5,3190,0
GPL5,3192,0
GPL5,3193,0
GPL5,3194,0
GPL5,3195,0
GPL5,3196,0
GPL5,3197,0
GPL5,3198,0
GPL5,3199,0
GPL5,3200,0
GPL5,3201,0
GPL5,3202,0
GPL5,3204,0
GPL5,3205,0
GPL5,3207,0
GPL5,3208,0
GPL5,3209,0
GPL5,3211,0
GPL5,3212,0
GPL5,3213,0
GPL5,3214,0
GPL5,3216,0
GPL5,3217,0
GPL5,3218,0
GPL5,3219,0
GPL5,3220,0
GPL5,3221,0
GPL5,3222,0
GPL5,3223,0
GPL5,3224,0
GPL5,3225,0
GPL5,3226,0
GPL5,3228,0
GPL5,3229,0
GPL5,3230,0
GPL5,3231,0
GPL5,3232,0
GPL5,3233,0
GPL5,3234,0
GPL5,3235,0
GPL5,3236,0
GPL5,3237,0
GPL5,3238,0
GPL5,3240,0
GPL5,3241,0
GPL5,3242,0
GPL5,3243,0
GPL5,3244,0
GPL5,3245,0
GPL5,3246,0
GPL5,3247,0
GPL5,3248,0
GPL5,3249,0
GPL5,3250,0
GPL5,3251,0
GPL5,3252,0
GPL5,3254,0
GPL5,3256,0
GPL5,3257,0
GPL5,3258,0
GPL5,3260,0
GPL5,3261,0
GPL5,3262,0
GPL5,3263,0
GPL5,3264,0
GPL5,3265,0
GPL5,3267,0
GPL5,3268,0
GPL5,3270,0
GPL5,3271,0
GPL5,3272,0
GPL5,3273,0
GPL5,3274,0
GPL5,3275,0
GPL5,3276,0
GPL5,3277,0
GPL5,3280,0
GPL5,3282,0
GPL5,3283,0
GPL5,3284,0
GPL5,3285,0
GPL5,3286,0
GPL5,3287,0
GPL5,3288,0
GPL5,3289,0
GPL5,3291,0
GPL5,3292,0
GPL5,3294,0
GPL5,3296,0
GPL5,3297,0
GPL5,3298,0
GPL5,3299,0
GPL5,3300,0
GPL5,3301,0
GPL5,3304,0
GPL5,3306,0
GPL5,3309,0
GPL5,3310,0
GPL5,3311,0
GPL5,3312,0
GPL5,3313,0
GPL5,3314,0
GPL5,3315,0
GPL5,3316,0
GPL5,3317,0
GPL5,3318,0
GPL5,3319,0
GPL5,3320,0
GPL5,3321,0
GPL5,3324,0
GPL5,3325,0
GPL5,3326,0
GPL5,3327,0
GPL5,3328,0
GPL5,3329,0
GPL5,3330,0
GPL5,3331,0
GPL5,3332,0
GPL5,3333,0
GPL5,3336,0
GPL5,3337,0
GPL5,3338,0
GPL5,3339,0
GPL5,3340,0
GPL5,3341,0
GPL5,3342,0
GPL5,3343,0
GPL5,3344,0
GPL5,3345,0
GPL5,3348,0
GPL5,3349,0
GPL5,3350,0
GPL5,3351,0
GPL5,3352,0
GPL5,3353,0
GPL5,3354,0
GPL5,3355,0
GPL5,3356,0
GPL5,3357,0
GPL5,3360,0
GPL5,3361,0
GPL5,3362,0
GPL5,3363,0
GPL5,3364,0
GPL5,3365,0
GPL5,3366,0
GPL5,3367,0
GPL5,3368,0
GPL5,3369,0
GPL5,3372,0
GPL5,3373,0
GPL5,3374,0
GPL5,3375,0
GPL5,3376,0
GPL5,3377,0
GPL5,3378,0
GPL5,3379,0
GPL5,3380,0
GPL5,3381,0
GPL5,3384,0
GPL5,3386,0
GPL5,3387,0
GPL5,3389,0
GPL5,3391,0
GPL5,3392,0
GPL5,3393,0
GPL5,3394,0
GPL5,3395,0
GPL5,3396,0
GPL5,3397,0
GPL5,3398,0
GPL5,3399,0
GPL5,3400,0
GPL5,3401,0
GPL5,3404,0
GPL5,3406,0
GPL5,3407,0
GPL5,3408,0
GPL5,3409,0
GPL5,3410,0
GPL5,3411,0
GPL5,3412,0
GPL5,3414,0
GPL5,3415,0
GPL5,3416,0
GPL5,3417,0
GPL5,3418,0
GPL5,3419,0
GPL5,3420,0
GPL5,3421,0
GPL5,3422,0
GPL5,3423,0
GPL5,3424,0
GPL5,3425,0
GPL5,3427,0
GPL5,3428,0
GPL5,3429,0
GPL5,3430,0
GPL5,3431,0
GPL5,3432,0
GPL5,3433,0
GPL5,3434,0
GPL5,3435,0
GPL5,3438,0
GPL5,3439,0
GPL5,3440,0
GPL5,3441,0
GPL5,3444,0
GPL5,3445,0
GPL5,3446,0
GPL5,3447,0
GPL5,3448,0
GPL5,3449,0
GPL5,3450,0
GPL5,3452,0
GPL5,3453,0
GPL5,3454,0
